Workbook

Sheet Dep Cycle Time Monitoring
A1: STD Time | B1: Speed (m/min) | C1: Software Length | D1: Deposition Time duration | E1: Workweek | F1: RUN ID | G1: Tape Number | H1: Total Length (m) | I1: Tape Prepared by: | J1: Hastelloy Manufacturer | K1: Hastelloy Thickness (um) | L1: Vacuum Start Time | N1: Tape Movement Start Time | P1: Tape Movement Stop Time | R1: Open Chamber (Time) | T1: Calculated Tape Stop | U1: ION Source OFF | V1: E-Gun 1 OFF Occurrence | W1: E-Gun 2 OFF Occurrence | X1: Grids | Y1: Comments
L2: Date | M2: Time | N2: Date | O2: Time | P2: Date | Q2: Time | R2: Date | S2: Time
A3: 60 | B3: 3 | C3: =H3+120 -> 1782 | D3: =(C3/B3)/A3 -> 9.9 | E3: WW02 | F3: 571 | G3: #2900(1662-0) | H3: 1662 | I3: Julie | J3: Ulbrich 42 | K3: 37 | L3: 46027 | M3: 0.47847222 | N3: 46027 | O3: 0.62013889 | P3: 46028 | Q3: 0.032638889 | R3: 46028 | S3: 0.069444444 | T3: =O3+(D3/24) -> 1.0326389 | U3: 0 | V3: 1 | W3: 0 | X3: KTM023 | Y3: Changed cooling plate in PM2
A4: 60 | B4: 3 | C4: =H4+120 -> 1785 | D4: =(C4/B4)/A4 -> 9.9166667 | E4: WW02 | F4: 572 | G4: #2902(1665-0) | H4: 1665 | I4: Romell | J4: Ulbrich 42 | K4: 37 | L4: 46028 | M4: 0.42708333 | N4: 46028 | O4: 0.55069444 | P4: 46028 | Q4: 0.96388889 | R4: 46029 | S4: 0.0069444444 | T4: =O4+(D4/24) -> 0.96388889 | U4: 0 | V4: 0 | W4: 0 | X4: KTM027 | Y4: Changed grids: KTM023 to KTM027
A5: 60 | B5: 3 | C5: =H5+120 -> 1782 | D5: =(C5/B5)/A5 -> 9.9 | E5: WW02 | F5: 573 | G5: #2904(1662-0) | H5: 1662 | I5: Pao/Chard | J5: Ulbrich 42 | K5: 37 | L5: 46029 | M5: 0.33472222 | N5: 46029 | O5: 0.41666667 | P5: 46029 | Q5: 0.82916667 | R5: 46029 | S5: 0.86458333 | T5: =O5+(D5/24) -> 0.82916667 | U5: 0 | V5: 0 | W5: 0 | X5: KTM027 | Y5: PM5 Bearing BL,TL and O-Spring changed; PM4 IS adjusted; PM4 emitter changed due o broken insulator
A6: 60 | B6: 3 | C6: =H6+120 -> 1813 | D6: =(C6/B6)/A6 -> 10.072222 | E6: WW02 | F6: 574 | G6: #2906(1536-0) #2880(1691-1534) | H6: =1536+157 -> 1693 | I6: PLD Boys | J6: Ulbrich 42 | K6: 37 | L6: 46029 | M6: 0.98402778 | N6: 46030 | O6: 0.13263889 | P6: 46030 | Q6: 0.55277778 | R6: 46030 | S6: 0.59583333 | T6: =O6+(D6/24) -> 0.55231481 | U6: 0 | V6: 0 | W6: 0 | X6: KTM027 | Y6: PM4 & PM5 Emmitter was replaced; PM6 Chamber base cleaned; RnD PM2 OFF
A7: 60 | B7: 3 | C7: =H7+120 -> 562 | D7: =(C7/B7)/A7 -> 3.1222222 | E7: WW02 | F7: 575 | G7: #2898(985-1427) | H7: 442 | I7: Jobel | J7: Ulbrich 42 | K7: 37 | L7: 46030 | M7: 0.81875 | N7: 46030 | O7: 0.94791667 | P7: 46031 | Q7: 0.05625 | R7: 46031 | S7: 0.075 | T7: =O7+(D7/24) -> 1.0780093 | U7: 0 | V7: 0 | W7: 0 | X7: KTM027 | Y7: PM4 Emitterinsulator was cracked; PM5 Zone 4 Thermocouples was replaced; Use of MgO Pellets (4-6mm)
A8: 60 | B8: 3 | C8: =H8+120 -> 2151 | D8: =(C8/B8)/A8 -> 11.95 | E8: WW02 | F8: 576 | G8: #2898(339-985) #2892(1385-0) | H8: =646+1385 -> 2031 | I8: NG | J8: Ulbrich 42/40 | K8: 37/33 | L8: 46031 | M8: 0.14930556 | N8: 46031 | O8: 0.26944444 | P8: 46031 | Q8: 0.76736111 | R8: 46031 | S8: 0.81597222 | T8: =O8+(D8/24) -> 0.76736111 | U8: 0 | V8: 0 | W8: 0 | X8: KTM027 | Y8: Tape stop due to tape is hitting the wall of the roller, because the tape was rewinded too far to the edge of the reel)
A9: 60 | B9: 3 | C9: =H9+120 -> 1740 | D9: =(C9/B9)/A9 -> 9.6666667 | E9: WW02 | F9: 577 | G9: #2912(1620-0) | H9: 1620 | I9: NG | J9: Ulbrich 42 | K9: 37 | L9: 46031 | M9: 0.98333333 | N9: 46032 | O9: 0.11041667 | P9: 46032 | Q9: 0.51388889 | R9: 46032 | S9: 0.5625 | T9: =O9+(D9/24) -> 0.51319444 | U9: 0 | V9: 0 | W9: 0 | X9: KTM027 | Y9: PM4 Cooling plate and depo shields was replaced; RM1 Encoder guide roller adjust3mm to door side
A10: 60 | B10: 3 | C10: =H10+120 -> 1776 | D10: =(C10/B10)/A10 -> 9.8666667 | E10: WW02 | F10: 578 | G10: #2914(1656-0) | H10: 1656 | I10: Pao | J10: Ulbrich 42 | K10: 37 | L10: 46032 | M10: 0.68888889 | N10: 46032 | O10: 0.82083333 | P10: 46033 | Q10: 0.23194444 | R10: 46033 | S10: 0.275 | T10: =O10+(D10/24) -> 1.2319444 | U10: 0 | V10: 2 | W10: 0 | X10: KTM027 | Y10: PM6 Top left 2pcs of bad Bearings changed; PM5 4 roll base plate alignment was adjusted by loosening bolt at wall side top left
A11: 60 | B11: 3 | C11: =H11+120 -> 2021 | D11: =(C11/B11)/A11 -> 11.227778 | E11: WW02 | F11: 579 | G11: #2910(570-0) #2910(1076-570) #2908(825-0) | H11: 1901 | I11: NG | J11: Ulbrich 42 | K11: 37 | L11: 46033 | M11: 0.36111111 | N11: 46033 | O11: 0.49861111 | P11: 46033 | Q11: 0.96666667 | R11: 46034 | S11: 0.0034722222 | T11: =O11+(D11/24) -> 0.96643519 | U11: 0 | V11: 0 | W11: 0 | X11: KTM027 | Y11: PM2 Chamber Base cooling line cleaned
A12: 60 | B12: 3 | C12: =H12+120 -> 2865 | D12: =(C12/B12)/A12 -> 15.916667 | E12: WW03 | F12: 580 | G12: #2918(1389-0)#2920(1356-0) | H12: 2745 | I12: Kyle | J12: Ulbrich 42/40 | K12: 37/33 | L12: 46034 | M12: 0.14861111 | N12: 46034 | O12: 0.24583333 | P12: 46034 | Q12: 0.90902778 | R12: 46034 | S12: 0.95138889 | T12: =O12+(D12/24) -> 0.90902778 | U12: 0 | V12: 1 | W12: 0 | X12: KTM027 | Y12: IBAD emitter insulator was changed to new one (re-opened chamber)
A13: 60 | B13: 3 | C13: =H13+120 -> 120 | D13: =(C13/B13)/A13 -> 0.66666667 | E13: WW03 | F13: 581 | G13: #2922(1403-0) #2916(1397-700) | I13: Kyle | J13: Ulbrich 42/40 | K13: 37/33 | L13: 46034 | M13: 0.97569444 | N13: 46035 | O13: 0.088194444 | P13: 46035 | Q13: 0.60416667 | R13: 46035 | S13: 0.64236111 | T13: =O13+(D13/24) -> 0.11597222 | U13: 0 | V13: 2 | W13: 1 | X13: KTM027
A14: 60 | B14: 3 | C14: =H15+120 -> 1620 | D14: =(C14/B14)/A14 -> 9 | E14: WW03 | F14: 582 | G14: #2898(339-0)#2926(1661-926)#2926(705-0) | H14: =735+705+339 -> 1779 | I14: Kyle | J14: Ulbrich 42 | K14: 37 | L14: 46035 | M14: 0.69791667 | N14: 46035 | O14: 0.84513889 | P14: 46036 | Q14: 0.24652778 | R14: 46036 | S14: 0.28888889 | T14: =O14+(D14/24) -> 1.2201389 | U14: 0 | V14: 0 | W14: 0 | X14: KTM027
A15: 60 | B15: 3 | C15: =H16+120 -> 1560 | D15: =(C15/B15)/A15 -> 8.6666667 | E15: WW03 | F15: 583 | G15: #2930(1500-0) | H15: 1500 | I15: ES | J15: Ulbrich 42 | K15: 37 | L15: 46036 | M15: 0.64236111 | N15: 46036 | O15: 0.87361111 | P15: 46037 | Q15: 0.25486111 | R15: 46037 | S15: 0.29791667 | T15: =O15+(D15/24) -> 1.2347222 | U15: 0 | V15: 0 | W15: 0 | X15: KTM027 | Y15: PM2 Ch-Base cooling line cleaned
A16: 60 | B16: 3 | C16: =H16+120 -> 1560 | D16: =(C16/B16)/A16 -> 8.6666667 | E16: WW03 | F16: 584 | G16: #EXP1-20 | H16: 1440 | I16: IS/NG | J16: Ulbrich 42 | K16: 37 | L16: 46037 | M16: 0.46597222 | N16: 46037 | O16: 0.59930556 | P16: 46037 | Q16: 0.93402778 | R16: 46037 | S16: 0.97083333 | T16: =O16+(D16/24) -> 0.96041667 | U16: 0 | V16: 0 | W16: 0 | X16: KTM027 | Y16: Adjust 1mm to the left, 2mm to Ion source side
A17: 60 | B17: 3 | C17: =H17+120 -> 1573 | D17: =(C17/B17)/A17 -> 8.7388889 | E17: WW03 | F17: 585 | G17: #2940(1453-0) | H17: 1453 | I17: Chard | J17: Ulbrich 42 | K17: 37 | L17: 46038 | M17: 0.53611111 | N17: 46038 | O17: 0.65347222 | P17: 46039 | Q17: 0.018055556 | R17: 46039 | S17: 0.079861111 | T17: =O17+(D17/24) -> 1.0175926 | U17: 0 | V17: 1 | W17: 0 | X17: KTM023 | Y17: Changed grids: KTM027 to KTM023; Adjust 5mm to the right, 2mm to Ion source side
A18: 60 | B18: 3 | C18: =H18+120 -> 1620 | D18: =(C18/B18)/A18 -> 9 | E18: WW03 | F18: 586 | G18: #2932(1500-0) | H18: 1500 | I18: Julie/Chard | J18: Ulbrich 42 | K18: 37 | L18: 46039 | M18: 0.13888889 | N18: 46039 | O18: 0.25694444 | P18: 46039 | Q18: 0.63263889 | R18: 46039 | S18: 0.66736111 | T18: =O18+(D18/24) -> 0.63194444 | U18: 0 | V18: 0 | W18: 0 | X18: KTM023 | Y18: Adj. 5mm to the right; 2mm to IS
A19: 60 | B19: 3 | C19: =H19+120 -> 1518 | D19: =(C19/B19)/A19 -> 8.4333333 | E19: WW03 | F19: 587 | G19: #2954(1398-0) | H19: 1398 | I19: Jobel | J19: Ulbrich 40 | K19: 33 | L19: 46039 | M19: 0.69236111 | N19: 46039 | O19: 0.80555556 | P19: 46040 | Q19: 0.15694444 | R19: 46040 | S19: 0.19166667 | T19: =O19+(D19/24) -> 1.1569444 | U19: 0 | V19: 1 | W19: 0 | X19: KTM023 | Y19: Idle Power at 200W
A20: 60 | B20: 3 | C20: =H20+120 -> 2204 | D20: =(C20/B20)/A20 -> 12.244444 | E20: WW03 | F20: 588 | G20: #2952(1394-0)#2916(690-0) | H20: 2084 | I20: Pao | J20: Ulbrich 42/40 | K20: 37/33 | L20: 46040 | M20: 0.50763889 | N20: 46040 | O20: 0.59861111 | P20: 46041 | Q20: 0.11527778 | R20: 46041 | S20: 0.14444444 | T20: =O20+(D20/24) -> 1.1087963 | U20: 0 | V20: 0 | W20: 0 | X20: KTM023 | Y20: Cryopump Auto regeneration
A21: 60 | B21: 3 | C21: =H21+120 -> 618 | D21: =(C21/B21)/A21 -> 3.4333333 | E21: WW04 | F21: 589 | G21: #2898(1662-1427) #2910(1364-1101) | H21: =235+263 -> 498 | J21: Ulbrich 42 | K21: 37 | L21: 46041 | M21: 0.20347222 | N21: 46041 | O21: 0.38472222 | P21: 46041 | Q21: 0.87986111 | R21: 46041 | S21: 0.93194444 | T21: =O21+(D21/24) -> 0.52777778 | U21: 0 | V21: 0 | W21: 0 | X21: KTM023 | Y21: RnD Ion Source Scan w/ PM3 Scan
A22: 60 | B22: 3 | C22: =H22+120 -> 1802 | D22: =(C22/B22)/A22 -> 10.011111 | E22: WW04 | F22: 590 | G22: #2950(1684-898) #2950(896-0) | H22: =786+896 -> 1682 | I22: Novruz | J22: Ulbrich 42 | K22: 37 | L22: 46041 | M22: 0.99305556 | N22: 46042 | O22: 0.13958333 | P22: 46042 | Q22: 0.55833333 | R22: 46042 | S22: 0.59027778 | T22: =O22+(D22/24) -> 0.55671296 | U22: 0 | V22: 1 | W22: 0 | X22: KTM023
A23: 60 | B23: 3 | C23: =H23+120 -> 1737 | D23: =(C23/B23)/A23 -> 9.65 | E23: WW04 | F23: 591 | G23: #2942(1633-1427) #29542(1427-16) | H23: 1617 | I23: Kyle | J23: Ulbrich 42 | K23: 37 | L23: 46042 | M23: 0.81666667 | N23: 46042 | O23: 0.94930556 | P23: 46043 | Q23: 0.35138889 | R23: 46043 | S23: 0.38402778 | T23: =O23+(D23/24) -> 1.3513889 | U23: 0 | V23: 0 | W23: 1 | X23: KTM023 | Y23: PM4Emitter Assy. Change; PM2 Ch-base cleaned; EPI Crystal #2,4&6 Inficon Gold; Process Gain 50%--> 20% at 221m
A24: 60 | B24: 3 | C24: =H24+120 -> 1833 | D24: =(C24/B24)/A24 -> 10.183333 | E24: WW04 | F24: 592 | G24: #2946(339-0) #2944(1328-4) RnD+50mDMY | H24: 1713 | I24: Kyle | J24: Ulbrich 42 | K24: 37 | L24: 46043 | M24: 0.53194444 | N24: 46043 | O24: 0.65347222 | P24: 46044 | Q24: 0.077777778 | R24: 46044 | S24: 0.13055556 | T24: =O24+(D24/24) -> 1.0777778 | U24: 0 | V24: 1 | W24: 0 | X24: KTM023 | Y24: Changed V-spring PM5; Changed depo shields & copper cooling plate in PM4
A25: 60 | B25: 3 | C25: =H25+120 -> 2248 | D25: =(C25/B25)/A25 -> 12.488889 | E25: WW04 | F25: 593 | G25: #2948(1656-906)#2956(1398-0) | H25: =1378+750 -> 2128 | I25: Ranne | J25: Ulbrich 42/40 | K25: 37/33 | L25: 46044 | M25: 0.21458333 | N25: 46044 | O25: 0.34305556 | P25: 46044 | Q25: 0.86805556 | R25: 46044 | S25: 0.94097222 | T25: =O25+(D25/24) -> 0.86342593 | U25: 0 | V25: 5 | W25: 0 | X25: KTM023 | Y25: PM5 Changed O-spring and V-spring; PM5 BL #1-5
A26: 60 | B26: 3 | C26: =H26+120 -> 120 | D26: =(C26/B26)/A26 -> 0.66666667 | E26: WW04 | F26: 594 | G26: #2868 (000-195)#2944 (1659-1328)#2946 (339-1665) RnD | I26: Pao/Jowi/Jobel | J26: Ulbrich 42 | K26: 37 | L26: 46045 | M26: 0.22222222 | N26: 46045 | O26: 0.27152778 | P26: 46046 | Q26: 0.069444444 | R26: 46046 | S26: 0.1125 | T26: =O26+(D26/24) -> 0.29930556 | U26: 0 | V26: 1 | W26: 0 | X26: KTM023 | Y26: PM5 -T.L. Added 0.95mm spacer at the back side. #0 bearing changed, All 6910CE bearings were changed to new. PM6-T.L. All 6910CE bearings were changed to new.B.L. #1,2,3,4,5 bearings changed to new.
A27: 60 | B27: 3 | C27: =H27+120 -> 2337 | D27: =(C27/B27)/A27 -> 12.983333 | E27: WW04 | F27: 595 | G27: #2928(1666-844) #2960(1395-0) | H27: 2217 | I27: John | J27: Ulbrich 42/40 | K27: 37/33 | L27: 46046 | M27: 0.20347222 | N27: 46046 | O27: 0.34375 | P27: 46046 | Q27: 0.88541667 | R27: 46046 | S27: 0.92361111 | T27: =O27+(D27/24) -> 0.88472222 | U27: 0 | V27: 1 | W27: 0 | X27: KTM023 | Y27: PM1 TL #2,3 ; BL #2,3,4,5
A28: 60 | B28: 3 | C28: =H28+120 -> 1646 | D28: =(C28/B28)/A28 -> 9.1444444 | E28: WW04 | F28: 596 | G28: #2958(1531-355) #2958(350-000) | H28: 1526 | I28: Deniz | J28: Ulbrich 42 | K28: 37 | L28: 46046 | M28: 0.97777778 | N28: 46047 | O28: 0.13333333 | P28: 46047 | Q28: 0.51458333 | R28: 46047 | S28: 0.55277778 | T28: =O28+(D28/24) -> 0.51435185 | U28: 0 | V28: 0 | W28: 0 | X28: KTM023
A29: 60 | B29: 3 | C29: =H29+120 -> 1517 | D29: =(C29/B29)/A29 -> 8.4277778 | E29: WW05 | F29: 597 | G29: #2970(962-697)#2964(1397-0) | H29: 1397 | I29: Ranne | J29: Ulbrich 42/40 | K29: 37/33 | L29: 46047 | M29: 0.59652778 | N29: 46047 | O29: 0.70833333 | P29: 46048 | Q29: 0.12777778 | R29: 46048 | S29: 0.17222222 | T29: =O29+(D29/24) -> 1.0594907 | U29: 0 | V29: 0 | W29: 0 | X29: KTM023
A30: 60 | B30: 3 | C30: =H30+120 -> 1648 | D30: =(C30/B30)/A30 -> 9.1555556 | E30: WW05 | F30: 598 | G30: #2970(680-0)#2968(848-0) | H30: =848+680 -> 1528 | I30: Deniz | J30: Ulbrich 42 | K30: 37 | L30: 46048 | M30: 0.32083333 | N30: 46048 | O30: 0.40069444 | P30: 46048 | Q30: 0.78333333 | R30: 46048 | S30: 0.84027778 | T30: =O30+(D30/24) -> 0.78217593 | U30: 0 | V30: 0 | W30: 0 | X30: KTM023
A31: 60 | B31: 3 | C31: =H31+120 -> 344 | D31: =(C31/B31)/A31 -> 1.9111111 | E31: WW05 | F31: 599 | G31: #2920(1556-1656)#2978(1100-1224) | H31: 224 | I31: Melo | J31: Ulbrich 42 | K31: 37 | L31: 46049 | M31: 0.069444444 | N31: 46049 | O31: 0.14375 | P31: 46049 | Q31: 0.34375 | R31: 46049 | S31: 0.35763889 | T31: =O31+(D31/24) -> 0.22337963 | U31: 0 | V31: 0 | W31: 0 | X31: KTM023 | Y31: YELLOW BUFFER DEPOSITION
A32: 60 | B32: 3 | C32: =H32+120 -> 2016 | D32: =(C32/B32)/A32 -> 11.2 | E32: WW05 | F32: 600 | G32: #2978(500-0)#2986(1396-0) | H32: 1896 | I32: Jobel | J32: Ulbrich 42/40 | K32: 37/33 | L32: 46050 | M32: 0.625 | N32: 46050 | T32: =O32+(D32/24) -> 0.46666667 | U32: 0 | V32: 0 | W32: 0 | X32: R009 | Y32: DEPO CANCELLED!! Grids change KTM023 --> R009; Re-installed old target due to arcing (2x); Changed top shield & target shield, HV connection polished, Tape cut @PM5 and PM6 during SP KM DMY ramp up
A33: 60 | B33: 3 | C33: =H33+120 -> 2016 | D33: =(C33/B33)/A33 -> 11.2 | E33: WW05 | F33: 601 | G33: #2986(1396-0) #2978(500-0) | H33: =1396+500 -> 1896 | L33: 46050 | M33: 0.79166667 | N33: 46050 | O33: 0.89861111 | P33: 46051 | Q33: 0.45833333 | R33: 46051 | S33: 0.50902778 | T33: =O33+(D33/24) -> 1.3652778 | U33: 0 | V33: 0 | W33: 0 | X33: R009 | Y33: New MgO Pellets(4-6mm); New PM6 Target; Change Top Shield and target shield,HV connection polish
A34: 60 | B34: 3 | C34: =H34+120 -> 2410 | D34: =(C34/B34)/A34 -> 13.388889 | E34: WW05 | F34: 602 | G34: #2976(896-0) #2966(1394-0) | H34: =896+1394 -> 2290 | L34: 46052 | M34: 0.52986111 | N34: 46052 | O34: 0.69236111 | P34: 46053 | Q34: 0.25069444 | R34: 46053 | S34: 0.29027778 | T34: =O34+(D34/24) -> 1.2502315 | U34: 0 | V34: 0 | W34: 0 | X34: KTM027 | Y34: DEPO CANCELLED!! Grids change R009 --> KTM027; Bolted Target Base PM6; PM6 Target changed; PM1 Target changed; Tape Cut @ 2471 No end etching profile
A35: 60 | B35: 3 | C35: =H35+120 -> 2116 | D35: =(C35/B35)/A35 -> 11.755556 | E35: WW05 | F35: 603 | G35: #2978(500-1100)#2988(1396-0) | H35: =1396+600 -> 1996 | I35: Pao | J35: Ulbrich 42/40 | K35: 37 | L35: 46053 | M35: 0.37986111 | N35: 46053 | O35: 0.54722222 | P35: 46054 | Q35: 0.055555556 | R35: 46054 | S35: 0.084027778 | T35: =O35+(D35/24) -> 1.037037 | U35: 0 | V35: 0 | W35: 0 | X35: KTM027
A36: 60 | B36: 3 | C36: =H36+120 -> 120 | D36: =(C36/B36)/A36 -> 0.66666667 | E36: WW05 | F36: 604 | G36: RnD | I36: Evgenii | L36: 46054 | M36: 0.13263889 | N36: 46054 | O36: 0.30555556 | P36: 46054 | Q36: 0.53680556 | R36: 46054 | S36: 0.0625 | T36: =O36+(D36/24) -> 0.33333333 | U36: 0 | V36: 0 | W36: 0 | X36: KTM027
A37: 60 | B37: 3 | C37: =H37+120 -> 2151 | D37: =(C37/B37)/A37 -> 11.95 | E37: WW06 | F37: 605 | G37: #3004(1361-000) #2962(670-000) | H37: =1361+670 -> 2031 | I37: Jobel | J37: Ulbrich 42/40 | K37: 35/37 | L37: 46054 | M37: 0.71180556 | N37: 46054 | O37: 0.84166667 | P37: 46055 | Q37: 0.33958333 | R37: 46055 | S37: 0.38333333 | T37: =O37+(D37/24) -> 1.3395833 | U37: 0 | V37: 2 | W37: 0 | X37: KTM027 | Y37: PM1 Target changed to Toshima
A38: 60 | B38: 3 | C38: =H38+120 -> 120 | D38: =(C38/B38)/A38 -> 0.66666667 | E38: WW06 | F38: 606 | G38: #3000(19-359) #3000(483-1058) #2982(1365-0) | I38: Jowi/Melo | J38: Ulbrich 40 | K38: 35 | L38: 46058 | M38: 0.65069444 | N38: 46058 | O38: 0.79097222 | P38: 46059 | Q38: 0.34652778 | R38: 46059 | S38: 0.38819444 | T38: =O38+(D38/24) -> 0.81875 | U38: 0 | V38: 0 | W38: 0 | X38: KTM027 | Y38: PM2 Ch-Base cooling line cleaned; PM5 BL#1,2,3,5,6,7 bearings changed; New Cygnus
A39: 60 | B39: 3 | C39: =H39+120 -> 120 | D39: =(C39/B39)/A39 -> 0.66666667 | E39: WW06 | F39: 607 | G39: #3010(1-336)#3010(336-631) | I39: Jobel | J39: Ulbrich/Subra B/BCA | L39: 46059 | M39: 0.48055556 | N39: 46059 | O39: 0.63055556 | P39: 46059 | Q39: 0.8625 | R39: 46059 | S39: 0.90416667 | T39: =O39+(D39/24) -> 0.65833333 | U39: 0 | V39: 0 | W39: 0 | X39: KTM027 | Y39: PM6 Allignment, cleaned o-ring
E40: WW06 | F40: 608 | G40: #3012(1098-0)#3014(1380-0) | H40: 2478 | I40: Evgenii | J40: Ulbrich 40 | K40: 35 | L40: 46060 | M40: 0.090277778 | N40: 46060 | O40: 0.21527778 | P40: 46060 | Q40: 0.81666667 | R40: 46060 | S40: 0.85763889 | T40: =O40+(D40/24) -> 0.21527778 | U40: 2 | V40: 0 | W40: 0 | X40: KTM027 | Y40: PM4: Depo Shields,Cooling Plate and Emitter Assy changed; PM2 Cooling plate changed, Ch-base cleaned
E41: WW06 | F41: 609 | G41: #3020(1373-0)#3018(1349-766) | H41: 2591 | I41: Novruz | J41: Ulbrich 40 | K41: 35 | L41: 46060 | M41: 0.93263889 | N41: 46061 | O41: 0.086111111 | P41: 46061 | Q41: 0.21666667 | R41: 46061 | S41: 0.24791667 | T41: =O41+(D41/24) -> 0.086111111 | U41: 0 | V41: 0 | W41: 0 | X41: KTM027 | Y41: Ion source was moved 12 mm to the right.; IBAD O-spring changed; Tape was stopped due to tape damage at RM1
E42: WW06 | F42: 610 | G42: #3020(1373-0)#3018(766-131) | H42: 2108 | I42: Deniz | J42: Ulbrich 40 | K42: 35 | L42: 46061 | M42: 0.37152778 | N42: 46061 | O42: 0.50138889 | P42: 46061 | Q42: 0.99513889 | R42: 46062 | S42: 0.029166667 | T42: =O42+(D42/24) -> 0.50138889 | U42: 0 | V42: 0 | W42: 0 | X42: KTM027
E43: WW07 | F43: 611 | G43: #2994(1274-96)#3016(1000-0) | H43: 2178 | I43: Pao | J43: Ulbrich 40 | K43: 33 | L43: 46062 | M43: 0.074305556 | N43: 46062 | O43: 0.2125 | P43: 46062 | Q43: 0.74444444 | R43: 46062 | S43: 0.77083333 | T43: =O43+(D43/24) -> 0.2125 | U43: 0 | V43: 1 | W43: 1 | X43: KTM027
E44: WW07 | F44: 612 | G44: #2984(291-1116)#3022(52-1380) | H44: =825+1328 -> 2153 | I44: Novruz | J44: Ulbrich 40/Moscow | K44: 35/39 | L44: 46062 | M44: 0.84930556 | N44: 46062 | O44: 0.99513889 | P44: 46063 | Q44: 0.52083333 | R44: 46063 | S44: 0.55902778 | T44: =O44+(D44/24) -> 0.99513889 | U44: 0 | V44: 2 | W44: 0 | X44: KTM027 | Y44: PM3 Cooling Plate changed
E45: WW07 | F45: 613 | G45: #2980(0-1366) #3002(875-0) | H45: 2241 | I45: Jobel | J45: Ulbrich 40 | K45: 33 | L45: 46063 | M45: 0.65972222 | N45: 46063 | O45: 0.81041667 | P45: 46064 | Q45: 0.35694444 | R45: 46064 | S45: 0.38958333 | T45: =O45+(D45/24) -> 0.81041667 | U45: 0 | V45: 0 | W45: 0 | X45: KTM027 | Y45: New depo shields set IBAD; PM5 bearings changed; PM2 Ch-base cleaned
E46: WW07 | F46: 614 | G46: #3008(1395-95) #3006(922-22) | H46: 2200 | I46: Kyle | J46: Moscow Tape | K46: 39 | L46: 46064 | M46: 0.45347222 | N46: 46064 | O46: 0.56805556 | P46: 46065 | Q46: 0.10486111 | R46: 46065 | S46: 0.14583333 | T46: =O46+(D46/24) -> 0.56805556 | U46: 0 | V46: 1 | W46: 0 | X46: KTM027 | Y46: MgO Pellets 4-6mm; PID RnD
E47: WW07 | F47: 615 | G47: #2992(900-0) #2990(1350-250) | H47: 2000 | I47: Pao | J47: Moscow Tape | K47: 39 | L47: 46065 | M47: 0.19236111 | N47: 46065 | O47: 0.31875 | P47: 46065 | Q47: 0.80972222 | R47: 46065 | S47: 0.85208333 | T47: =O47+(D47/24) -> 0.31875 | U47: 0 | V47: 0 | W47: 0 | X47: KTM027 | Y47: MgO Pellets 4-6mm; PID RnD
E48: WW07 | F48: 616 | G48: #2996(1100-0) #2924(300-0) #2924(600-300) | H48: 1700 | I48: Jobel | J48: Ulbrich 40/Moscow | K48: 37/39 | L48: 46065 | M48: 0.90208333 | N48: 46066 | O48: 0.020138889 | P48: 46066 | Q48: 0.44166667 | R48: 46066 | S48: 0.47152778 | T48: =O48+(D48/24) -> 0.020138889 | U48: 0 | V48: 0 | W48: 0 | X48: KTM027
E49: WW07 | F49: 617 | G49: #3024(1381-57) | H49: 1324 | I49: RB115/US100 | J49: Ulbrich 40 | K49: 35 | L49: 46066 | M49: 0.85694444 | N49: 46066 | O49: 0.98888889 | P49: 46067 | Q49: 0.19583333 | R49: 46067 | S49: 0.23194444 | T49: =O49+(D49/24) -> 0.98888889 | U49: 0 | V49: 0 | W49: 0 | X49: KTM027 | Y49: PM1 Changed Cooling Plate; PM2 CleanedCh-Base; PM4 Adj. 3mm to Ion Source; PM6 BL #1&2
E50: WW07 | F50: 618 | G50: #3032(1200-0) #2998(624-280) | H50: 1544 | I50: Deniz | J50: Ulbrich 40/Moscow | K50: 35/39 | L50: 46067 | M50: 0.38194444 | N50: 46067 | O50: 0.50833333 | P50: 46067 | Q50: 0.89305556 | R50: 46067 | S50: 0.93472222 | T50: =O50+(D50/24) -> 0.50833333 | U50: 0 | V50: 0 | W50: 0 | X50: KTM027 | Y50: PM1: BL#4;BR#1-8; PM5:BL#4
E51: WW07 | F51: 619 | G51: #3036(1200-0)#3024(486-57) | H51: =1200+429 -> 1629 | I51: Paolo | J51: Ulbrich 40 | K51: 35 | L51: 46067 | M51: 0.99236111 | N51: 46068 | O51: 0.10694444 | P51: 46068 | Q51: 0.5125 | R51: 46068 | S51: 0.54652778 | T51: =O51+(D51/24) -> 0.10694444 | U51: 0 | V51: 0 | W51: 0 | X51: KTM027
E52: WW08 | F52: 620 | G52: #3040(1199-0)+YB#2998(250-0) | H52: 1199 | I52: Evgenii | J52: Ulbrich 40 | K52: 35 | L52: 46068 | M52: 0.60277778 | N52: 46068 | O52: 0.72569444 | P52: 46069 | Q52: 0.24791667 | R52: 46069 | S52: 0.30555556 | T52: =O52+(D52/24) -> 0.72569444 | U52: 0 | V52: 0 | W52: 0 | X52: KTM027 | Y52: YB Deposition + Normal Prod
E53: WW08 | F53: 621 | G53: #3034(1200-0) #3044(468-149) #3042(570-246) | H53: 1843 | I53: Chard | J53: Ulbrich 42/40 | K53: 37/35 | L53: 46069 | M53: 0.54861111 | N53: 46069 | O53: 0.86805556 | P53: 46069 | Q53: 0.95208333 | R53: 46069 | S53: 0.96666667 | T53: =O53+(D53/24) -> 0.86805556 | U53: 0 | V53: 0 | W53: 0 | X53: KTM023 | Y53: KTM027 --> KTM023; Changed depo shields &cooling plate PM4; Ceramic plate changed; PM5 bearings changed BL: 2,3,4,7; BR: 1,2; TAPE STOPPED DUE TO TAPE DAMAGED at PM5
E54: WW08 | F54: 622 | G54: #3034(1200-0)#3042(570-288) | H54: 1482 | I54: Julie | J54: Ulbrich 42/40 | K54: 37/35 | L54: 46070 | M54: 0.058333333 | N54: 46070 | O54: 0.16666667 | P54: 46070 | Q54: 0.54166667 | R54: 46070 | S54: 0.58611111 | T54: =O54+(D54/24) -> 0.16666667 | U54: 0 | V54: 0 | W54: 0 | X54: KTM023 | Y54: Added spacers in PM5 bearing TL & BL
E55: WW08 | F55: 623 | G55: #3030(1199-0)#3028(1198-0) | H55: 2397 | I55: Evgenii | J55: Ulbrich 40 | K55: 35 | L55: 46070 | M55: 0.66388889 | N55: 46070 | O55: 0.80555556 | P55: 46071 | Q55: 0.32222222 | R55: 46071 | S55: 0.34930556 | T55: =O55+(D55/24) -> 0.80555556 | U55: 0 | V55: 2 | W55: 0 | X55: KTM023 | Y55: PM4 E-gun changed to new one; Clean dirty keeper
E56: WW08 | F56: 624 | G56: #3026(1201-0) #KM3038(320-22) #3026(1201-0) | H56: 2763 | I56: Romell/Pao | J56: Ulbrich 40/Kanematsu | K56: 35/37 | L56: 46071 | M56: 0.48194444 | N56: 46071 | O56: 0.62291667 | P56: 46072 | Q56: 0.2625 | R56: 46072 | S56: 0.3 | T56: =O56+(D56/24) -> 0.62291667 | U56: 0 | V56: 2 | W56: 0 | X56: KTM023 | Y56: PM5 V-spring changed
E57: WW08 | F57: 625 | G57: #3048(2010-0) | H57: 2010 | I57: Novruz | J57: Ulbrich 42 | K57: 37 | L57: 46072 | M57: 0.40347222 | N57: 46072 | O57: 0.53194444 | P57: 46073 | Q57: 0.025 | R57: 46073 | S57: 0.059027778 | T57: =O57+(D57/24) -> 0.53194444 | U57: 0 | V57: 0 | W57: 0 | X57: KTM023 | Y57: PM4: Depo Shields,Cooling Plate and O-spring changed; Adj. 3mm to the left and 2mm to Door side
E58: WW08 | F58: 626 | G58: #3050(2013-0) | H58: 2013 | J58: Ulbrich 42 | K58: 37 | L58: 46073 | M58: 0.16875 | N58: 46073 | O58: 0.29027778 | P58: 46073 | Q58: 0.78402778 | R58: 46073 | S58: 0.82291667 | T58: =O58+(D58/24) -> 0.29027778 | U58: 0 | V58: 2 | W58: 0 | X58: KTM023 | Y58: PM2 cooling plate and target shield changed; Pm6 Door allignment(Hard to close)
E59: WW08 | F59: 627 | G59: #3052(1894-0) #2990(250-0) | H59: =1894+250 -> 2144 | I59: Ranne | J59: Ulbrich 40/Moscow | K59: 37/39 | L59: 46073 | M59: 0.92152778 | N59: 46074 | O59: 0.05 | P59: 46074 | Q59: 0.57430556 | R59: 46074 | S59: 0.61041667 | T59: =O59+(D59/24) -> 0.05 | U59: 0 | V59: 1 | W59: 0 | X59: KTM023
E60: WW08 | F60: 628 | G60: #3056(1904-0) #3030 (182-0) | H60: 2086 | J60: Ulbrich 42/40 | K60: 37/35 | L60: 46074 | M60: 0.72083333 | N60: 46075 | O60: 0.016666667 | P60: 46075 | Q60: 0.52708333 | R60: 46075 | S60: 0.55902778 | T60: =O60+(D60/24) -> 0.016666667 | U60: 0 | V60: 1 | W60: 0 | X60: KTM027 | Y60: Unscheduled Grids change KTM023 --> KTM027
E61: WW08 | F61: 629 | G61: #3054(1212-0)#3058(783-2)#3042(235-37)#3044(139-0) | H61: 2330 | I61: Melo | J61: Ulbrich 42 | K61: 37 | L61: 46075 | M61: 0.58125 | N61: 46075 | O61: 0.69444444 | P61: 46076 | Q61: 0.26111111 | R61: 46076 | S61: 0.30208333 | T61: =O61+(D61/24) -> 0.69444444 | U61: 0 | V61: 1 | W61: 0 | X61: KTM027
E62: WW09 | F62: 630 | G62: #3054(1500-1212) #3066(1896-0) | H62: 2184 | I62: JM113 | J62: Ulbrich 42 | K62: 37 | L62: 46076 | M62: 0.42847222 | N62: 46076 | O62: 0.61736111 | P62: 46077 | Q62: 0.15069444 | R62: 46077 | S62: 0.1875 | T62: =O62+(D62/24) -> 0.61736111 | U62: 0 | V62: 1 | W62: 0 | X62: KTM027 | Y62: Cryopump regen; PM3 & PM6 cooling plate and target shields changed
E63: WW09 | F63: 631 | G63: #3060(1912-0) | H63: 1912 | I63: JM113 | J63: Ulbrich 42 | K63: 37 | L63: 46077 | M63: 0.23680556 | N63: 46077 | O63: 0.37569444 | P63: 46077 | Q63: 0.82152778 | R63: 46077 | S63: 0.84305556 | T63: =O63+(D63/24) -> 0.37569444 | U63: 0 | V63: 1 | W63: 0 | X63: KTM027
E64: WW09 | F64: 632 | G64: #3064(1912-620) RnD#3064(620-0) | H64: 1912 | I64: MV125 | J64: Ulbrich 42 | K64: 37 | L64: 46078 | M64: 0.0076388889 | N64: 46078 | O64: 0.15555556 | P64: 46078 | Q64: 0.48263889 | R64: 46078 | S64: 0.55416667 | T64: =O64+(D64/24) -> 0.15555556 | U64: 0 | V64: 0 | W64: 0 | X64: KTM027 | Y64: PM2 Ch-base cleaned; RM1 Tape cut fixed; PM4 changed O-spring,Emitter Assy. Glass window,Keeper Cleaned, Skillet bottom coupling tightened
E65: WW09 | F65: 633 | G65: #3062(1898-2)#3058(1893-1667) | H65: 2122 | I65: RR124 | J65: Ulbrich 42 | K65: 37 | L65: 46078 | M65: 0.60833333 | N65: 46078 | O65: 0.73958333 | P65: 46079 | Q65: 0.25833333 | R65: 46079 | S65: 0.29791667 | T65: =O65+(D65/24) -> 0.73958333 | U65: 0 | V65: 0 | W65: 0 | X65: KTM027 | Y65: PM2 Ch-base cleaned;
E66: WW09 | F66: 634 | G66: #3068 (1000-1892) #3070 (776-1891) #3070 (271-776) | H66: 2512 | I66: KK111 | J66: Ulbrich 42 | K66: 37 | L66: 46079 | M66: 0.37291667 | N66: 46079 | O66: 0.50694444 | P66: 46080 | Q66: 0.11597222 | R66: 46080 | S66: 0.15972222 | T66: =O66+(D66/24) -> 0.50694444 | U66: 0 | V66: 0 | W66: 0 | X66: KTM027 | Y66: PM4 Cooling plate and Depo shield change;
E67: WW09 | F67: 635 | G67: #3072(1896-775) #3072(774-0) #3068(1000-500) | H67: 2395 | I67: NG70 | J67: Ulbrich 42 | K67: 37 | L67: 46080 | M67: 0.23055556 | N67: 46080 | O67: 0.37361111 | P67: 46080 | Q67: 0.95625 | R67: 46080 | S67: 0.98958333 | T67: =O67+(D67/24) -> 0.37361111 | U67: 1 | V67: 0 | W67: 0 | X67: KTM027 | Y67: PM1 Cooling plate and target shield changed; Checked PM2 Target condition due to RF Power warning error
E68: WW09 | F68: 636 | G68: #3076(1896-0)#3068(500-0) | H68: 2396 | I68: JM126 | J68: Ulbrich 42 | K68: 37 | L68: 46081 | M68: 0.10347222 | N68: 46081 | O68: 0.25 | P68: 46081 | Q68: 0.83263889 | R68: 46081 | S68: 0.86875 | T68: =O68+(D68/24) -> 0.25 | U68: 0 | V68: 2 | W68: 0 | X68: KTM027 | Y68: PM2 Target shield changed, Polished Target dirty sides with grinder
E69: WW09 | F69: 637 | G69: #3074(1892-0) #3078(1893-1293) | H69: 2492 | I69: JM126 | J69: Ulbrich 42 | K69: 37 | L69: 46081 | M69: 0.94097222 | N69: 46082 | O69: 0.073611111 | P69: 46082 | Q69: 0.67847222 | R69: 46082 | S69: 0.71597222 | T69: =O69+(D69/24) -> 0.073611111 | U69: 0 | V69: 0 | W69: 1 | X69: KTM027 | Y69: PM5 V-spring changed
E70: WW10 | F70: 638 | G70: #3078(1293-0) | H70: 1293 | I70: JM113 | J70: Ulbrich 42 | K70: 37 | L70: 46082 | M70: 0.78194444 | N70: 46082 | O70: 0.91666667 | P70: 46083 | Q70: 0.24375 | R70: 46083 | S70: 0.28819444 | T70: =O70+(D70/24) -> 0.91666667 | U70: 0 | V70: 1 | W70: 0 | X70: KTM027 | Y70: PM5 BL:3,4 was changed ; PM4 deposhields and colling plate was changed
E71: WW10 | F71: 639 | G71: #1266(637-0)#3080(1895-995) + SUBRA tapes (90m) | H71: 1747 | I71: JM126 | J71: Ulbrich 42/105 | K71: 37/100 | L71: 46083 | M71: 0.37152778 | N71: 46083 | O71: 0.50208333 | P71: 46083 | Q71: 0.93541667 | R71: 46083 | S71: 0.97291667 | T71: =O71+(D71/24) -> 0.50208333 | U71: 0 | V71: 1 | W71: 0 | X71: KTM027
E72: WW10 | F72: 640 | G72: #3084(1798-0) #3080(595-100) | H72: 2293 | I72: RB115 | J72: Ulbrich 42 | K72: 37 | L72: 46084 | M72: 0.067361111 | N72: 46084 | O72: 0.19722222 | P72: 46084 | Q72: 0.75555556 | R72: 46084 | S72: 0.79375 | T72: =O72+(D72/24) -> 0.19722222 | U72: 0 | V72: 0 | W72: 0 | X72: KTM027 | Y72: PM4 emitter changed
E73: WW10 | F73: 641 | G73: #3082(1894-000) | H73: 1894 | J73: Ulbrich 42 | K73: 37 | L73: 46084 | M73: 0.87986111 | N73: 46085 | O73: 0.021527778 | P73: 46085 | Q73: 0.48680556 | R73: 46085 | S73: 0.52569444 | T73: =O73+(D73/24) -> 0.021527778 | U73: 0 | V73: 0 | W73: 0 | X73: KTM027 | Y73: PM4 Depo Shields changed
E74: WW10 | F74: 642 | G74: #3092(1910-1300)#3086(1890-0) | H74: 2500 | I74: KK111 | J74: Ulbrich 42 | K74: 37 | L74: 46085 | M74: 0.63472222 | N74: 46085 | O74: 0.77847222 | P74: 46086 | Q74: 0.38472222 | R74: 46086 | S74: 0.41736111 | T74: =O74+(D74/24) -> 0.77847222 | U74: 0 | V74: 0 | W74: 1 | X74: KTM027 | Y74: PM1 BL Bearing #4 changed; PM2 BL Bearing #4&9 changed
E75: WW10 | F75: 643 | G75: #3064(620-0)#3092(1300-0) | H75: 1920 | I75: ES46 | J75: Ulbrich 42 | K75: 37 | L75: 46086 | M75: 0.5 | N75: 46086 | O75: 0.69861111 | P75: 46086 | Q75: 0.7125 | R75: 46086 | S75: 0.74791667 | T75: =O75+(D75/24) -> 0.69861111 | U75: 0 | V75: 0 | W75: 0 | X75: KTM027 | Y75: Tape Stopped. Tape was derailed at PM2, Rnd was cancelled.
E76: WW10 | F76: 644 | G76: #3094(1893-0) | H76: 1893 | I76: RG102 | J76: Ulbrich 42 | K76: 37 | L76: 46086 | M76: 0.79722222 | N76: 46086 | O76: 0.90763889 | P76: 46087 | Q76: 0.37361111 | R76: 46087 | S76: 0.40902778 | T76: =O76+(D76/24) -> 0.90763889 | U76: 0 | V76: 0 | W76: 0 | X76: KTM027
E77: WW10 | F77: 645 | G77: #3098(1911-0) #KM3038(793-340) | H77: =453+1911 -> 2364 | J77: Ulbrich 42 | K77: 37 | L77: 46087 | M77: 0.64444444 | N77: 46087 | O77: 0.80763889 | P77: 46088 | Q77: 0.38263889 | R77: 46088 | S77: 0.41805556 | T77: =O77+(D77/24) -> 0.80763889 | U77: 0 | V77: 0 | W77: 0 | X77: KTM027
E78: WW10 | F78: 646 | G78: #3104(1910-0) #3080(995-595) | H78: =400+1910 -> 2310 | J78: Ulbrich 42 | K78: 37 | L78: 46088 | M78: 0.51736111 | N78: 46088 | O78: 0.64375 | P78: 46089 | Q78: 0.20763889 | R78: 46089 | S78: 0.25277778 | T78: =O78+(D78/24) -> 0.64375 | U78: 0 | V78: 0 | W78: 0 | X78: KTM027 | Y78: Error -80- Encountered
E79: WW11 | F79: 647 | G79: #3100(1911-0) #3092(1300-850) | H79: =450+1911 -> 2361 | I79: RG102 | J79: Ulbrich 42 | K79: 37 | L79: 46089 | M79: 0.29513889 | N79: 46089 | O79: 0.60972222 | P79: 46090 | Q79: 0.18402778 | R79: 46090 | S79: 0.22222222 | T79: =O79+(D79/24) -> 0.60972222 | U79: 0 | V79: 0 | W79: 0 | X79: KTM027 | Y79: RF Matchbox adjustment due to Error 80, Load set back to 0 position
E80: WW11 | F80: 648 | G80: #3092(500-0)#3064(597-0)RnD | H80: 1097 | I80: KK111 | J80: Ulbrich 42 | K80: 37 | L80: 46090 | M80: 0.31944444 | N80: 46090 | O80: 0.46597222 | P80: 46090 | Q80: 0.73125 | R80: 46090 | S80: 0.77222222 | T80: =O80+(D80/24) -> 0.46597222 | U80: 0 | V80: 0 | W80: 0 | X80: KTM027 | Y80: PM4 Depo shields & Cooling Plate; Adj. 3mm to Ion Source side; PM5 BL #4&7; Potentiometer adj.
E81: WW11 | F81: 649 | G81: #2782(2000-1431) | H81: 569 | I81: KK111 | J81: Ulbrich 42 | K81: 37 | L81: 46090 | M81: 0.86805556 | N81: 46090 | O81: 0.98958333 | P81: 46091 | Q81: 0.38819444 | R81: 46091 | S81: 0.40208333 | T81: =O81+(D81/24) -> 0.98958333 | U81: 0 | V81: 0 | W81: 0 | X81: KTM027 | Y81: YELLOW BUFFER DEPOSITION
E82: WW11 | F82: 650 | G82: #3092(850-500)#3102(2013-0) | H82: =2013+350 -> 2363 | I82: JA121 | J82: Ulbrich 42 | K82: 37 | L82: 46092 | M82: 0.10416667 | N82: 46092 | O82: 0.20625 | P82: 46092 | Q82: 0.78055556 | R82: 46092 | S82: 0.81666667 | T82: =O82+(D82/24) -> 0.20625 | U82: 2 | V82: 0 | W82: 0 | X82: R120 | Y82: KTM027 -->R120; Flange; PM6 Top Depo plate and side shields changed; PM4 RF cable; RF matching box gears fixed
E83: WW11 | F83: 651 | G83: #3116(600-100)#3108(1898-0) | H83: =500+1898 -> 2398 | J83: Ulbrich 42 | K83: 37 | L83: 46092 | M83: 0.90069444 | N83: 46093 | O83: 0.065277778 | P83: 46093 | Q83: 0.64791667 | R83: 46093 | S83: 0.6875 | T83: =O83+(D83/24) -> 0.065277778 | U83: 2 | V83: 0 | W83: 0 | X83: R120
E84: WW11 | F84: 652 | G84: #3116(1100-600)#3110(1868-0) | H84: =1868+500 -> 2368 | J84: Ulbrich 42 | K84: 37 | L84: 46094 | M84: 0.14583333 | N84: 46094 | O84: 0.24930556 | P84: 46094 | Q84: 0.825 | R84: 46094 | S84: 0.86111111 | T84: =O84+(D84/24) -> 0.24930556 | U84: 0 | V84: 0 | W84: 0 | X84: KTM027 | Y84: R120-->KTM027; PM4 emitter change
E85: WW11 | F85: 653 | G85: #3116(1508-1118)#3120(1844-0) | H85: =390+1844 -> 2234 | J85: Ulbrich 42 | K85: 37 | L85: 46095 | M85: 0.036805556 | N85: 46095 | O85: 0.14861111 | P85: 46095 | Q85: 0.69305556 | R85: 46095 | S85: 0.73819444 | T85: =O85+(D85/24) -> 0.14861111 | U85: 0 | V85: 0 | W85: 0 | X85: KTM027 | Y85: PM1 Cooling plate & target shields; PM4 Depo shield; adj. IS position
E86: WW11 | F86: 654 | G86: #3116(1898-1508)#3118(1897-0) | H86: =390+1897 -> 2287 | J86: Ulbrich 42 | K86: 37 | L86: 46095 | M86: 0.78402778 | N86: 46095 | O86: 0.92291667 | P86: 46096 | Q86: 0.47986111 | R86: 46096 | S86: 0.51388889 | T86: =O86+(D86/24) -> 0.92291667 | U86: 0 | V86: 0 | W86: 1 | X86: KTM027 | Y86: PM6 Ch-base; PM5 O-spring
E87: WW12 | F87: 655 | G87: #3114(1910-0) | H87: 1910 | I87: RB115 | J87: Ulbrich 42 | K87: 37 | L87: 46096 | M87: 0.64375 | N87: 46096 | O87: 0.75277778 | P87: 46097 | Q87: 0.22291667 | R87: 46097 | S87: 0.30138889 | T87: =O87+(D87/24) -> 0.75277778 | U87: 0 | V87: 0 | W87: 0 | X87: KTM027
E88: WW12 | F88: 656 | G88: #3126 (1876-0) #3128(607-0) | H88: =1876+607 -> 2483 | I88: ES46 | J88: Ulbrich 42 | K88: 37 | L88: 46097 | M88: 0.44375 | N88: 46097 | O88: 0.66666667 | P88: 46098 | Q88: 0.26875 | R88: 46098 | S88: 0.32986111 | T88: =O88+(D88/24) -> 0.66666667 | U88: 1 | V88: 0 | W88: 0 | X88: KTM027 | Y88: PM4 Cooling Plate
E89: WW12 | F89: 657 | G89: RND #KM3106(745-415) #KM3106(415-85) ULBRICH 100um #1264(298-628) | J89: Kanematsu | K89: 100 | L89: 46098 | M89: 0.42222222 | N89: 46098 | O89: 0.72083333 | P89: 46099 | Q89: 0.029166667 | R89: 46099 | S89: 0.084722222 | T89: =O89+(D89/24) -> 0.72083333 | U89: 2 | V89: 0 | W89: 0 | X89: KTM027 | Y89: Changed Drypump #1 and Drypump #2 silencer
E90: WW12 | F90: 658 | G90: #3122(1000-0)#3122(1000-1516)#3130(2180-2330) | I90: JM126 | J90: Ulbrich 42 | K90: 37/42 | L90: 46099 | M90: 0.49930556 | N90: 46099 | O90: 0.61319444 | P90: 46099 | Q90: 0.97916667 | R90: 46100 | S90: 0.0069444444 | T90: =O90+(D90/24) -> 0.61319444 | U90: 0 | V90: 0 | W90: 0 | X90: KTM027 | Y90: PM4 Depo shields;Auto Regen.; PM6 BL#2,3,4,5
E91: WW12 | F91: 659 | G91: #3130(2330-2180)#3122(1000-0)#3138(200-5)#3132(785-585)#3122(1516-1000) RnD | L91: 46100 | M91: 0.34166667 | N91: 46100 | O91: 0.46666667 | P91: 46100 | Q91: 0.97847222 | R91: 46101 | S91: 0.013888889 | T91: =O91+(D91/24) -> 0.46666667 | U91: 0 | V91: 3 | W91: 0 | X91: KTM027
E92: WW12 | F92: 660 | G92: #3128 (607-1215)#3112 (1115-1569)#3112 (2-1108) | H92: 2288 | I92: RG102/JM113 | J92: Ulbrich 42 | K92: 37/32 | L92: 46101 | M92: 0.16805556 | N92: 46101 | O92: 0.30138889 | P92: 46101 | Q92: 0.85902778 | R92: 46101 | S92: 0.89583333 | T92: =O92+(D92/24) -> 0.30138889 | U92: 0 | V92: 0 | W92: 0 | X92: KTM027 | Y92: PM2 cooling plate and target shield changed;
E93: WW12 | F93: 661 | G93: #3128 (1905-1532) #3144 (1905-0) | H93: =1905+373 -> 2278 | I93: RB115 | J93: Ulbrich 42 | K93: 37 | L93: 46102 | M93: 0.0013888889 | N93: 46102 | O93: 0.10069444 | P93: 46102 | Q93: 0.75 | R93: 46102 | S93: 0.78194444 | T93: =O93+(D93/24) -> 0.10069444 | U93: 0 | V93: 0 | W93: 0 | X93: KTM027
E94: WW12 | F94: 662 | G94: #3134(2322-904) ChemTrain#4#3134(610-0) | H94: =2028+198 -> 2226 | I94: MV125 | J94: Ulbrich 42 | K94: 37 | L94: 46102 | M94: 0.85416667 | N94: 46102 | O94: 0.98958333 | P94: 46103 | Q94: 0.53472222 | R94: 46103 | S94: 0.56875 | T94: =O94+(D94/24) -> 0.98958333 | U94: 0 | V94: 0 | W94: 0 | X94: KTM027 | Y94: Chem Train#4: PM5 Glass window changed
E95: WW13 | F95: 663 | G95: #3112(1802-1569) #3128(1502-1220) #3148(1906-0) | H95: 2421 | I95: NG70 | J95: Ulbrich 42 | K95: 37 | L95: 46103 | M95: 0.69444444 | N95: 46103 | O95: 0.83333333 | P95: 46104 | Q95: 0.42152778 | R95: 46104 | S95: 0.46041667 | T95: =O95+(D95/24) -> 0.83333333 | U95: 0 | V95: 2 | W95: 0 | X95: KTM027 | Y95: IS adj,4mm to the right; PM5 Bearing change BL #1; RM1 Encoder Bearing change 6902(1pc.) 6907 (2pcs.); PM6 Cha-base cleaned
E96: WW13 | F96: 664 | G96: #3122(1886-1906)#3140(1129-1099)#3146(1905-0) | H96: 1955 | I96: RG102 | J96: Ulbrich 42 | K96: 37/42 | L96: 46104 | M96: 0.77361111 | N96: 46104 | O96: 0.8625 | P96: 46105 | Q96: 0.34305556 | R96: 46105 | S96: 0.37708333 | T96: =O96+(D96/24) -> 0.8625 | U96: 0 | V96: 1 | W96: 0 | X96: KTM027 | Y96: PM4 Depo Shields, Cooling Plate and Emitter changed; PM3 Cooling plate changed.
E97: WW13 | F97: 665 | G97: #3054(1743-1540)#Ulb 105+Subra Tape | H97: 303 | I97: ES46 | J97: Ulbrich 42/Ulbrich 105 | K97: 37/100 | L97: 46105 | M97: 0.46875 | N97: 46105 | O97: 0.59305556 | P97: 46105 | Q97: 0.83888889 | R97: 46105 | S97: 0.87708333 | T97: =O97+(D97/24) -> 0.59305556 | U97: 0 | V97: 3 | W97: 0 | X97: KTM027
E98: WW13 | F98: 666 | G98: #3124(1899-250)+Chem Train #5 | H98: 1649 | I98: RB115 | J98: Ulbrich 42 | K98: 37 | L98: 46105 | M98: 0.94444444 | N98: 46106 | O98: 0.099305556 | P98: 46106 | Q98: 0.57291667 | R98: 46106 | S98: 0.61458333 | T98: =O98+(D98/24) -> 0.099305556 | U98: 0 | V98: 2 | W98: 0 | X98: KTM027 | Y98: with Chem Train #5;280m; Changed heaters at zone 1;encountered Rheed pattern problem
E99: WW13 | F99: 667 | G99: #3150(1903-000) + Chem Train #7 | H99: 1903 | I99: RB115 | J99: Ulbrich 42 | K99: 37 | L99: 46106 | M99: 0.67430556 | N99: 46106 | O99: 0.7875 | P99: 46106 | Q99: 0.91736111 | R99: 46106 | S99: 0.93958333 | T99: =O99+(D99/24) -> 0.7875 | U99: 0 | V99: 0 | W99: 0 | X99: KTM027 | Y99: Tape Stopped due to
E100: WW13 | F100: 668 | G100: #3150(670-0) + Chem Train #7 | H100: 670 | I100: JM113 | J100: Ulbrich 42 | K100: 37 | L100: 46106 | M100: 0.99027778 | N100: 46107 | O100: 0.076388889 | P100: 46107 | Q100: 0.31736111 | R100: 46107 | S100: 0.35138889 | T100: =O100+(D100/24) -> 0.076388889 | U100: 0 | V100: 0 | W100: 0 | X100: KTM027
...

Sheet Effective Working Time
A1: Work Week | B1: Work Week Date | C1: Vacuum Start Time | E1: Tape Movement Start Time | G1: Tape Movement Stop Time | I1: Open Chamber (Time) | M1: Vacuum to Tape Movement Start | N1: Deposition Time | O1: Tape Movement Stop to Open Chamber | P1: Chambers Clean, Setup, and Maintenance | S1: Vacuum, aditional work | T1: Deposition time | U1: Time to stop, aditional work | V1: Cleaning, Maintenance | Y1: Total time (min) | Z1: Vacuum, aditional work (%) | AA1: Deposition time (%) | AB1: Time to stop, aditional work (%) | AC1: Cleaning, Maintenance (%)
C2: Date | D2: Time | E2: Date | F2: Time | G2: Date | H2: Time | I2: Date | J2: Time
A3: WW02 | B3: 01.05-01.11 | C3: 46027 | D3: 0.47847222 | E3: 46027 | F3: 0.62013889 | G3: 46028 | H3: 0.032638889 | I3: 46028 | J3: 0.069444444 | M3: =(E3+F3)-(C3+D3) -> 0.14166667 | N3: =(G3+H3)-(E3+F3) -> 0.4125 | O3: =(I3+J3)-(G3+H3) -> 0.036805556 | P3: =(C4+D4)-(I3+J3) -> 0.35763889 | S3: =1440*M3 -> 204 | T3: =1440*N3 -> 594 | U3: =1440*O3 -> 53 | V3: =1440*P3 -> 515 | X3: Total,min | Y3: 11000 | Z3: =SUM(S3:S11) -> 1644 | AA3: =SUM(T3:T11) -> 5108 | AB3: =SUM(U3:U11) -> 510 | AC3: =SUM(V3:V11) -> 2343
A4: WW02 | B4: 01.05-01.11 | C4: 46028 | D4: 0.42708333 | E4: 46028 | F4: 0.55069444 | G4: 46028 | H4: 0.96388889 | I4: 46029 | J4: 0.0069444444 | M4: =(E4+F4)-(C4+D4) -> 0.12361111 | N4: =(G4+H4)-(E4+F4) -> 0.41319444 | O4: =(I4+J4)-(G4+H4) -> 0.043055556 | P4: =(C5+D5)-(I4+J4) -> 0.32777778 | S4: =1440*M4 -> 178 | T4: =1440*N4 -> 595 | U4: =1440*O4 -> 62 | V4: =1440*P4 -> 472 | Z4: =(Z3/Y3)*100 -> 14.945455 | AA4: =(AA3/Y3)*100 -> 46.436364 | AB4: =(AB3/Y3)*100 -> 4.6363636 | AC4: =(AC3/Y3)*100 -> 21.3
A5: WW02 | B5: 01.05-01.11 | C5: 46029 | D5: 0.33472222 | E5: 46029 | F5: 0.41666667 | G5: 46029 | H5: 0.82916667 | I5: 46029 | J5: 0.86458333 | M5: =(E5+F5)-(C5+D5) -> 0.081944444 | N5: =(G5+H5)-(E5+F5) -> 0.4125 | O5: =(I5+J5)-(G5+H5) -> 0.035416667 | P5: =(C6+D6)-(I5+J5) -> 0.11944444 | S5: =1440*M5 -> 118 | T5: =1440*N5 -> 594 | U5: =1440*O5 -> 51 | V5: =1440*P5 -> 172
A6: WW02 | B6: 01.05-01.11 | C6: 46029 | D6: 0.98402778 | E6: 46030 | F6: 0.13263889 | G6: 46030 | H6: 0.55277778 | I6: 46030 | J6: 0.59583333 | M6: =(E6+F6)-(C6+D6) -> 0.14861111 | N6: =(G6+H6)-(E6+F6) -> 0.42013889 | O6: =(I6+J6)-(G6+H6) -> 0.043055556 | P6: =(C7+D7)-(I6+J6) -> 0.22291667 | S6: =1440*M6 -> 214 | T6: =1440*N6 -> 605 | U6: =1440*O6 -> 62 | V6: =1440*P6 -> 321
A7: WW02 | B7: 01.05-01.11 | C7: 46030 | D7: 0.81875 | E7: 46030 | F7: 0.94791667 | G7: 46031 | H7: 0.05625 | I7: 46031 | J7: 0.075 | M7: =(E7+F7)-(C7+D7) -> 0.12916667 | N7: =(G7+H7)-(E7+F7) -> 0.10833333 | O7: =(I7+J7)-(G7+H7) -> 0.01875 | P7: =(C8+D8)-(I7+J7) -> 0.074305556 | S7: =1440*M7 -> 186 | T7: =1440*N7 -> 156 | U7: =1440*O7 -> 27 | V7: =1440*P7 -> 107
A8: WW02 | B8: 01.05-01.11 | C8: 46031 | D8: 0.14930556 | E8: 46031 | F8: 0.26944444 | G8: 46031 | H8: 0.76736111 | I8: 46031 | J8: 0.81597222 | M8: =(E8+F8)-(C8+D8) -> 0.12013889 | N8: =(G8+H8)-(E8+F8) -> 0.49791667 | O8: =(I8+J8)-(G8+H8) -> 0.048611111 | P8: =(C9+D9)-(I8+J8) -> 0.16736111 | S8: =1440*M8 -> 173 | T8: =1440*N8 -> 717 | U8: =1440*O8 -> 70 | V8: =1440*P8 -> 241
A9: WW02 | B9: 01.05-01.11 | C9: 46031 | D9: 0.98333333 | E9: 46032 | F9: 0.11041667 | G9: 46032 | H9: 0.51388889 | I9: 46032 | J9: 0.5625 | M9: =(E9+F9)-(C9+D9) -> 0.12708333 | N9: =(G9+H9)-(E9+F9) -> 0.40347222 | O9: =(I9+J9)-(G9+H9) -> 0.048611111 | P9: =(C10+D10)-(I9+J9) -> 0.12638889 | S9: =1440*M9 -> 183 | T9: =1440*N9 -> 581 | U9: =1440*O9 -> 70 | V9: =1440*P9 -> 182
A10: WW02 | B10: 01.05-01.11 | C10: 46032 | D10: 0.68888889 | E10: 46032 | F10: 0.82083333 | G10: 46033 | H10: 0.23194444 | I10: 46033 | J10: 0.275 | M10: =(E10+F10)-(C10+D10) -> 0.13194444 | N10: =(G10+H10)-(E10+F10) -> 0.41111111 | O10: =(I10+J10)-(G10+H10) -> 0.043055556 | P10: =(C11+D11)-(I10+J10) -> 0.086111111 | S10: =1440*M10 -> 190 | T10: =1440*N10 -> 592 | U10: =1440*O10 -> 62 | V10: =1440*P10 -> 124
A11: WW02 | B11: 01.05-01.11 | C11: 46033 | D11: 0.36111111 | E11: 46033 | F11: 0.49861111 | G11: 46033 | H11: 0.96666667 | I11: 46034 | J11: 0.0034722222 | M11: =(E11+F11)-(C11+D11) -> 0.1375 | N11: =(G11+H11)-(E11+F11) -> 0.46805556 | O11: =(I11+J11)-(G11+H11) -> 0.036805556 | P11: =(C12+D12)-(I11+J11) -> 0.14513889 | S11: =1440*M11 -> 198 | T11: =1440*N11 -> 674 | U11: =1440*O11 -> 53 | V11: =1440*P11 -> 209
A12: WW03 | B12: 01.12-01.18 | C12: 46034 | D12: 0.14861111 | E12: 46034 | F12: 0.24583333 | G12: 46034 | H12: 0.90902778 | I12: 46034 | J12: 0.95138889 | M12: =(E12+F12)-(C12+D12) -> 0.097222222 | N12: =(G12+H12)-(E12+F12) -> 0.66319444 | O12: =(I12+J12)-(G12+H12) -> 0.042361111 | P12: =(C13+D13)-(I12+J12) -> 0.024305556 | S12: =1440*M12 -> 140 | T12: =1440*N12 -> 955 | U12: =1440*O12 -> 61 | V12: =1440*P12 -> 35 | X12: Total,min | Y12: 11000 | Z12: =SUM(S12:S20) -> 1672 | AA12: =SUM(T12:T20) -> 5623 | AB12: =SUM(U12:U20) -> 523 | AC12: =SUM(V12:V20) -> 2341
A13: WW03 | B13: 01.12-01.18 | C13: 46034 | D13: 0.97569444 | E13: 46035 | F13: 0.088194444 | G13: 46035 | H13: 0.60416667 | I13: 46035 | J13: 0.64236111 | M13: =(E13+F13)-(C13+D13) -> 0.1125 | N13: =(G13+H13)-(E13+F13) -> 0.51597222 | O13: =(I13+J13)-(G13+H13) -> 0.038194444 | P13: =(C14+D14)-(I13+J13) -> 0.055555556 | S13: =1440*M13 -> 162 | T13: =1440*N13 -> 743 | U13: =1440*O13 -> 55 | V13: =1440*P13 -> 80 | Z13: =(Z12/Y12)*100 -> 15.2 | AA13: =(AA12/Y12)*100 -> 51.118182 | AB13: =(AB12/Y12)*100 -> 4.7545455 | AC13: =(AC12/Y12)*100 -> 21.281818
A14: WW03 | B14: 01.12-01.18 | C14: 46035 | D14: 0.69791667 | E14: 46035 | F14: 0.84513889 | G14: 46036 | H14: 0.24652778 | I14: 46036 | J14: 0.28888889 | M14: =(E14+F14)-(C14+D14) -> 0.14722222 | N14: =(G14+H14)-(E14+F14) -> 0.40138889 | O14: =(I14+J14)-(G14+H14) -> 0.042361111 | P14: =(C15+D15)-(I14+J14) -> 0.35347222 | S14: =1440*M14 -> 212 | T14: =1440*N14 -> 578 | U14: =1440*O14 -> 61 | V14: =1440*P14 -> 509
A15: WW03 | B15: 01.12-01.18 | C15: 46036 | D15: 0.64236111 | E15: 46036 | F15: 0.87361111 | G15: 46037 | H15: 0.25486111 | I15: 46037 | J15: 0.29791667 | M15: =(E15+F15)-(C15+D15) -> 0.23125 | N15: =(G15+H15)-(E15+F15) -> 0.38125 | O15: =(I15+J15)-(G15+H15) -> 0.043055556 | P15: =(C16+D16)-(I15+J15) -> 0.16805556 | S15: =1440*M15 -> 333 | T15: =1440*N15 -> 549 | U15: =1440*O15 -> 62 | V15: =1440*P15 -> 242
A16: WW03 | B16: 01.12-01.18 | C16: 46037 | D16: 0.46597222 | E16: 46037 | F16: 0.59930556 | G16: 46037 | H16: 0.93402778 | I16: 46037 | J16: 0.97083333 | M16: =(E16+F16)-(C16+D16) -> 0.13333333 | N16: =(G16+H16)-(E16+F16) -> 0.33472222 | O16: =(I16+J16)-(G16+H16) -> 0.036805556 | P16: =(C17+D17)-(I16+J16) -> 0.56527778 | S16: =1440*M16 -> 192 | T16: =1440*N16 -> 482 | U16: =1440*O16 -> 53 | V16: =1440*P16 -> 814
A17: WW03 | B17: 01.12-01.18 | C17: 46038 | D17: 0.53611111 | E17: 46038 | F17: 0.65347222 | G17: 46039 | H17: 0.018055556 | I17: 46039 | J17: 0.079861111 | M17: =(E17+F17)-(C17+D17) -> 0.11736111 | N17: =(G17+H17)-(E17+F17) -> 0.36458333 | O17: =(I17+J17)-(G17+H17) -> 0.061805556 | P17: =(C18+D18)-(I17+J17) -> 0.059027778 | S17: =1440*M17 -> 169 | T17: =1440*N17 -> 525 | U17: =1440*O17 -> 89 | V17: =1440*P17 -> 85
A18: WW03 | B18: 01.12-01.18 | C18: 46039 | D18: 0.13888889 | E18: 46039 | F18: 0.25694444 | G18: 46039 | H18: 0.63263889 | I18: 46039 | J18: 0.66736111 | M18: =(E18+F18)-(C18+D18) -> 0.11805556 | N18: =(G18+H18)-(E18+F18) -> 0.37569444 | O18: =(I18+J18)-(G18+H18) -> 0.034722222 | P18: =(C19+D19)-(I18+J18) -> 0.025 | S18: =1440*M18 -> 170 | T18: =1440*N18 -> 541 | U18: =1440*O18 -> 50 | V18: =1440*P18 -> 36
A19: WW03 | B19: 01.12-01.18 | C19: 46039 | D19: 0.69236111 | E19: 46039 | F19: 0.80555556 | G19: 46040 | H19: 0.15694444 | I19: 46040 | J19: 0.19166667 | M19: =(E19+F19)-(C19+D19) -> 0.11319444 | N19: =(G19+H19)-(E19+F19) -> 0.35138889 | O19: =(I19+J19)-(G19+H19) -> 0.034722222 | P19: =(C20+D20)-(I19+J19) -> 0.31597222 | S19: =1440*M19 -> 163 | T19: =1440*N19 -> 506 | U19: =1440*O19 -> 50 | V19: =1440*P19 -> 455
A20: WW03 | B20: 01.12-01.18 | C20: 46040 | D20: 0.50763889 | E20: 46040 | F20: 0.59861111 | G20: 46041 | H20: 0.11527778 | I20: 46041 | J20: 0.14444444 | M20: =(E20+F20)-(C20+D20) -> 0.090972222 | N20: =(G20+H20)-(E20+F20) -> 0.51666667 | O20: =(I20+J20)-(G20+H20) -> 0.029166667 | P20: =(C21+D21)-(I20+J20) -> 0.059027778 | S20: =1440*M20 -> 131 | T20: =1440*N20 -> 744 | U20: =1440*O20 -> 42 | V20: =1440*P20 -> 85
A21: WW04 | B21: 01.19-01.25 | C21: 46041 | D21: 0.20347222 | E21: 46041 | F21: 0.38472222 | G21: 46041 | H21: 0.87986111 | I21: 46041 | J21: 0.93194444 | M21: =(E21+F21)-(C21+D21) -> 0.18125 | N21: =(G21+H21)-(E21+F21) -> 0.49513889 | O21: =(I21+J21)-(G21+H21) -> 0.052083333 | P21: =(C22+D22)-(I21+J21) -> 0.061111111 | S21: =1440*M21 -> 261 | T21: =1440*N21 -> 713 | U21: =1440*O21 -> 75 | V21: =1440*P21 -> 88 | X21: Total,min | Y21: 11000 | Z21: =SUM(S21:S28) -> 1520 | AA21: =SUM(T21:T28) -> 5740 | AB21: =SUM(U21:U28) -> 521 | AC21: =SUM(V21:V28) -> 1425
A22: WW04 | B22: 01.19-01.25 | C22: 46041 | D22: 0.99305556 | E22: 46042 | F22: 0.13958333 | G22: 46042 | H22: 0.55833333 | I22: 46042 | J22: 0.59027778 | M22: =(E22+F22)-(C22+D22) -> 0.14652778 | N22: =(G22+H22)-(E22+F22) -> 0.41875 | O22: =(I22+J22)-(G22+H22) -> 0.031944444 | P22: =(C23+D23)-(I22+J22) -> 0.22638889 | S22: =1440*M22 -> 211 | T22: =1440*N22 -> 603 | U22: =1440*O22 -> 46 | V22: =1440*P22 -> 326 | Z22: =(Z21/Y21)*100 -> 13.818182 | AA22: =(AA21/Y21)*100 -> 52.181818 | AB22: =(AB21/Y21)*100 -> 4.7363636 | AC22: =(AC21/Y21)*100 -> 12.954545
A23: WW04 | B23: 01.19-01.25 | C23: 46042 | D23: 0.81666667 | E23: 46042 | F23: 0.94930556 | G23: 46043 | H23: 0.35138889 | I23: 46043 | J23: 0.38402778 | M23: =(E23+F23)-(C23+D23) -> 0.13263889 | N23: =(G23+H23)-(E23+F23) -> 0.40208333 | O23: =(I23+J23)-(G23+H23) -> 0.032638889 | P23: =(C24+D24)-(I23+J23) -> 0.14791667 | S23: =1440*M23 -> 191 | T23: =1440*N23 -> 579 | U23: =1440*O23 -> 47 | V23: =1440*P23 -> 213
A24: WW04 | B24: 01.19-01.25 | C24: 46043 | D24: 0.53194444 | E24: 46043 | F24: 0.65347222 | G24: 46044 | H24: 0.077777778 | I24: 46044 | J24: 0.13055556 | M24: =(E24+F24)-(C24+D24) -> 0.12152778 | N24: =(G24+H24)-(E24+F24) -> 0.42430556 | O24: =(I24+J24)-(G24+H24) -> 0.052777778 | P24: =(C25+D25)-(I24+J24) -> 0.084027778 | S24: =1440*M24 -> 175 | T24: =1440*N24 -> 611 | U24: =1440*O24 -> 76 | V24: =1440*P24 -> 121
A25: WW04 | B25: 01.19-01.25 | C25: 46044 | D25: 0.21458333 | E25: 46044 | F25: 0.34305556 | G25: 46044 | H25: 0.86805556 | I25: 46044 | J25: 0.94097222 | M25: =(E25+F25)-(C25+D25) -> 0.12847222 | N25: =(G25+H25)-(E25+F25) -> 0.525 | O25: =(I25+J25)-(G25+H25) -> 0.072916667 | P25: =(C26+D26)-(I25+J25) -> 0.28125 | S25: =1440*M25 -> 185 | T25: =1440*N25 -> 756 | U25: =1440*O25 -> 105 | V25: =1440*P25 -> 405
A26: WW04 | B26: 01.19-01.25 | C26: 46045 | D26: 0.22222222 | E26: 46045 | F26: 0.27152778 | G26: 46046 | H26: 0.069444444 | I26: 46046 | J26: 0.1125 | M26: =(E26+F26)-(C26+D26) -> 0.049305556 | N26: =(G26+H26)-(E26+F26) -> 0.79791667 | O26: =(I26+J26)-(G26+H26) -> 0.043055556 | P26: =(C27+D27)-(I26+J26) -> 0.090972222 | S26: =1440*M26 -> 71 | T26: =1440*N26 -> 1149 | U26: =1440*O26 -> 62 | V26: =1440*P26 -> 131
A27: WW04 | B27: 01.19-01.25 | C27: 46046 | D27: 0.20347222 | E27: 46046 | F27: 0.34375 | G27: 46046 | H27: 0.88541667 | I27: 46046 | J27: 0.92361111 | M27: =(E27+F27)-(C27+D27) -> 0.14027778 | N27: =(G27+H27)-(E27+F27) -> 0.54166667 | O27: =(I27+J27)-(G27+H27) -> 0.038194444 | P27: =(C28+D28)-(I27+J27) -> 0.054166667 | S27: =1440*M27 -> 202 | T27: =1440*N27 -> 780 | U27: =1440*O27 -> 55 | V27: =1440*P27 -> 78
A28: WW04 | B28: 01.19-01.25 | C28: 46046 | D28: 0.97777778 | E28: 46047 | F28: 0.13333333 | G28: 46047 | H28: 0.51458333 | I28: 46047 | J28: 0.55277778 | M28: =(E28+F28)-(C28+D28) -> 0.15555556 | N28: =(G28+H28)-(E28+F28) -> 0.38125 | O28: =(I28+J28)-(G28+H28) -> 0.038194444 | P28: =(C29+D29)-(I28+J28) -> 0.04375 | S28: =1440*M28 -> 224 | T28: =1440*N28 -> 549 | U28: =1440*O28 -> 55 | V28: =1440*P28 -> 63
A29: WW05 | B29: 01.26-02.01 | C29: 46047 | D29: 0.59652778 | E29: 46047 | F29: 0.70833333 | G29: 46048 | H29: 0.12777778 | I29: 46048 | J29: 0.17222222 | M29: =(E29+F29)-(C29+D29) -> 0.11180556 | N29: =(G29+H29)-(E29+F29) -> 0.41944444 | O29: =(I29+J29)-(G29+H29) -> 0.044444444 | P29: =(C30+D30)-(I29+J29) -> 0.14861111 | S29: =1440*M29 -> 161 | T29: =1440*N29 -> 604 | U29: =1440*O29 -> 64 | V29: =1440*P29 -> 214 | X29: Total,min | Y29: 11000 | Z29: =SUM(S29:S35) -> 1261 | AA29: =SUM(T29:T35) -> 4118 | AB29: =SUM(U29:U35) -> 374 | AC29: =SUM(V29:V35) -> 4493
A30: WW05 | B30: 01.26-02.01 | C30: 46048 | D30: 0.32083333 | E30: 46048 | F30: 0.40069444 | G30: 46048 | H30: 0.78333333 | I30: 46048 | J30: 0.84027778 | M30: =(E30+F30)-(C30+D30) -> 0.079861111 | N30: =(G30+H30)-(E30+F30) -> 0.38263889 | O30: =(I30+J30)-(G30+H30) -> 0.056944444 | P30: =(C31+D31)-(I30+J30) -> 0.22916667 | S30: =1440*M30 -> 115 | T30: =1440*N30 -> 551 | U30: =1440*O30 -> 82 | V30: =1440*P30 -> 330 | Z30: =(Z29/Y29)*100 -> 11.463636 | AA30: =(AA29/Y29)*100 -> 37.436364 | AB30: =(AB29/Y29)*100 -> 3.4 | AC30: =(AC29/Y29)*100 -> 40.845455
A31: WW05 | B31: 01.26-02.01 | C31: 46049 | D31: 0.069444444 | E31: 46049 | F31: 0.14375 | G31: 46049 | H31: 0.34375 | I31: 46049 | J31: 0.35763889 | M31: =(E31+F31)-(C31+D31) -> 0.074305556 | N31: =(G31+H31)-(E31+F31) -> 0.2 | O31: =(I31+J31)-(G31+H31) -> 0.013888889 | P31: =(C32+D32)-(I31+J31) -> 1.4340278 | S31: =1440*M31 -> 107 | T31: =1440*N31 -> 288 | U31: =1440*O31 -> 20 | V31: =1440*P31 -> 2065
A32: WW05 | B32: 01.26-02.01 | C32: 46050 | D32: 0.79166667 | E32: 46050 | F32: 0.89861111 | G32: 46051 | H32: 0.45833333 | I32: 46051 | J32: 0.50902778 | M32: =(E32+F32)-(C32+D32) -> 0.10694444 | N32: =(G32+H32)-(E32+F32) -> 0.55972222 | O32: =(I32+J32)-(G32+H32) -> 0.050694444 | P32: =(C33+D33)-(I32+J32) -> 1.0208333 | S32: =1440*M32 -> 154 | T32: =1440*N32 -> 806 | U32: =1440*O32 -> 73 | V32: =1440*P32 -> 1470
A33: WW05 | B33: 01.26-02.01 | C33: 46052 | D33: 0.52986111 | E33: 46052 | F33: 0.69236111 | G33: 46053 | H33: 0.25069444 | I33: 46053 | J33: 0.29027778 | M33: =(E33+F33)-(C33+D33) -> 0.1625 | N33: =(G33+H33)-(E33+F33) -> 0.55833333 | O33: =(I33+J33)-(G33+H33) -> 0.039583333 | P33: =(C34+D34)-(I33+J33) -> 0.089583333 | S33: =1440*M33 -> 234 | T33: =1440*N33 -> 804 | U33: =1440*O33 -> 57 | V33: =1440*P33 -> 129
A34: WW05 | B34: 01.26-02.01 | C34: 46053 | D34: 0.37986111 | E34: 46053 | F34: 0.54722222 | G34: 46054 | H34: 0.055555556 | I34: 46054 | J34: 0.084027778 | M34: =(E34+F34)-(C34+D34) -> 0.16736111 | N34: =(G34+H34)-(E34+F34) -> 0.50833333 | O34: =(I34+J34)-(G34+H34) -> 0.028472222 | P34: =(C35+D35)-(I34+J34) -> 0.048611111 | S34: =1440*M34 -> 241 | T34: =1440*N34 -> 732 | U34: =1440*O34 -> 41 | V34: =1440*P34 -> 70
A35: WW05 | B35: 01.26-02.01 | C35: 46054 | D35: 0.13263889 | E35: 46054 | F35: 0.30555556 | G35: 46054 | H35: 0.53680556 | I35: 46054 | J35: 0.5625 | M35: =(E35+F35)-(C35+D35) -> 0.17291667 | N35: =(G35+H35)-(E35+F35) -> 0.23125 | O35: =(I35+J35)-(G35+H35) -> 0.025694444 | P35: =(C36+D36)-(I35+J35) -> 0.14930556 | S35: =1440*M35 -> 249 | T35: =1440*N35 -> 333 | U35: =1440*O35 -> 37 | V35: =1440*P35 -> 215
A36: WW06 | B36: 02.02-02.08 | C36: 46054 | D36: 0.71180556 | E36: 46054 | F36: 0.84166667 | G36: 46055 | H36: 0.33958333 | I36: 46055 | J36: 0.38333333 | M36: =(E36+F36)-(C36+D36) -> 0.12986111 | N36: =(G36+H36)-(E36+F36) -> 0.49791667 | O36: =(I36+J36)-(G36+H36) -> 0.04375 | P36: =(C37+D37)-(I36+J36) -> 3.2673611 | S36: =1440*M36 -> 187 | T36: =1440*N36 -> 717 | U36: =1440*O36 -> 63 | V36: =1440*P36 -> 4705 | X36: Total,min | Y36: 11000 | Z36: =SUM(S36:S41) -> 1193 | AA36: =SUM(T36:T41) -> 3616 | AB36: =SUM(U36:U41) -> 336 | AC36: =SUM(V36:V41) -> 5457
A37: WW06 | B37: 02.02-02.08 | C37: 46058 | D37: 0.65069444 | E37: 46058 | F37: 0.79097222 | G37: 46059 | H37: 0.34652778 | I37: 46059 | J37: 0.38819444 | M37: =(E37+F37)-(C37+D37) -> 0.14027778 | N37: =(G37+H37)-(E37+F37) -> 0.55555556 | O37: =(I37+J37)-(G37+H37) -> 0.041666667 | P37: =(C38+D38)-(I37+J37) -> 0.092361111 | S37: =1440*M37 -> 202 | T37: =1440*N37 -> 800 | U37: =1440*O37 -> 60 | V37: =1440*P37 -> 133 | Z37: =(Z36/Y36)*100 -> 10.845455 | AA37: =(AA36/Y36)*100 -> 32.872727 | AB37: =(AB36/Y36)*100 -> 3.0545455 | AC37: =(AC36/Y36)*100 -> 49.609091
A38: WW06 | B38: 02.02-02.08 | C38: 46059 | D38: 0.48055556 | E38: 46059 | F38: 0.63055556 | G38: 46059 | H38: 0.8625 | I38: 46059 | J38: 0.90416667 | M38: =(E38+F38)-(C38+D38) -> 0.15 | N38: =(G38+H38)-(E38+F38) -> 0.23194444 | O38: =(I38+J38)-(G38+H38) -> 0.041666667 | P38: =(C39+D39)-(I38+J38) -> 0.18611111 | S38: =1440*M38 -> 216 | T38: =1440*N38 -> 334 | U38: =1440*O38 -> 60 | V38: =1440*P38 -> 268
A39: WW06 | B39: 02.02-02.08 | C39: 46060 | D39: 0.090277778 | E39: 46060 | F39: 0.21527778 | G39: 46060 | H39: 0.81666667 | I39: 46060 | J39: 0.85763889 | M39: =(E39+F39)-(C39+D39) -> 0.125 | N39: =(G39+H39)-(E39+F39) -> 0.60138889 | O39: =(I39+J39)-(G39+H39) -> 0.040972222 | P39: =(C40+D40)-(I39+J39) -> 0.075 | S39: =1440*M39 -> 180 | T39: =1440*N39 -> 866 | U39: =1440*O39 -> 59 | V39: =1440*P39 -> 108
A40: WW06 | B40: 02.02-02.08 | C40: 46060 | D40: 0.93263889 | E40: 46061 | F40: 0.086111111 | G40: 46061 | H40: 0.21666667 | I40: 46061 | J40: 0.24791667 | M40: =(E40+F40)-(C40+D40) -> 0.15347222 | N40: =(G40+H40)-(E40+F40) -> 0.13055556 | O40: =(I40+J40)-(G40+H40) -> 0.03125 | P40: =(C41+D41)-(I40+J40) -> 0.12361111 | S40: =1440*M40 -> 221 | T40: =1440*N40 -> 188 | U40: =1440*O40 -> 45 | V40: =1440*P40 -> 178
A41: WW06 | B41: 02.02-02.08 | C41: 46061 | D41: 0.37152778 | E41: 46061 | F41: 0.50138889 | G41: 46061 | H41: 0.99513889 | I41: 46062 | J41: 0.029166667 | M41: =(E41+F41)-(C41+D41) -> 0.12986111 | N41: =(G41+H41)-(E41+F41) -> 0.49375 | O41: =(I41+J41)-(G41+H41) -> 0.034027778 | P41: =(C42+D42)-(I41+J41) -> 0.045138889 | S41: =1440*M41 -> 187 | T41: =1440*N41 -> 711 | U41: =1440*O41 -> 49 | V41: =1440*P41 -> 65
A42: WW07 | B42: 02.09-02.15 | C42: 46062 | D42: 0.074305556 | E42: 46062 | F42: 0.2125 | G42: 46062 | H42: 0.74444444 | I42: 46062 | J42: 0.77083333 | M42: =(E42+F42)-(C42+D42) -> 0.13819444 | N42: =(G42+H42)-(E42+F42) -> 0.53194444 | O42: =(I42+J42)-(G42+H42) -> 0.026388889 | P42: =(C43+D43)-(I42+J42) -> 0.078472222 | S42: =1440*M42 -> 199 | T42: =1440*N42 -> 766 | U42: =1440*O42 -> 38 | V42: =1440*P42 -> 113 | X42: Total,min | Y42: 11000 | Z42: =SUM(S42:S50) -> 1680 | AA42: =SUM(T42:T50) -> 5833 | AB42: =SUM(U42:U50) -> 464 | AC42: =SUM(V42:V50) -> 1424
A43: WW07 | B43: 02.09-02.15 | C43: 46062 | D43: 0.84930556 | E43: 46062 | F43: 0.99513889 | G43: 46063 | H43: 0.52083333 | I43: 46063 | J43: 0.55902778 | M43: =(E43+F43)-(C43+D43) -> 0.14583333 | N43: =(G43+H43)-(E43+F43) -> 0.52569444 | O43: =(I43+J43)-(G43+H43) -> 0.038194444 | P43: =(C44+D44)-(I43+J43) -> 0.10069444 | S43: =1440*M43 -> 210 | T43: =1440*N43 -> 757 | U43: =1440*O43 -> 55 | V43: =1440*P43 -> 145 | Z43: =(Z42/Y42)*100 -> 15.272727 | AA43: =(AA42/Y42)*100 -> 53.027273 | AB43: =(AB42/Y42)*100 -> 4.2181818 | AC43: =(AC42/Y42)*100 -> 12.945455
A44: WW07 | B44: 02.09-02.15 | C44: 46063 | D44: 0.65972222 | E44: 46063 | F44: 0.81041667 | G44: 46064 | H44: 0.35694444 | I44: 46064 | J44: 0.38958333 | M44: =(E44+F44)-(C44+D44) -> 0.15069444 | N44: =(G44+H44)-(E44+F44) -> 0.54652778 | O44: =(I44+J44)-(G44+H44) -> 0.032638889 | P44: =(C45+D45)-(I44+J44) -> 0.063888889 | S44: =1440*M44 -> 217 | T44: =1440*N44 -> 787 | U44: =1440*O44 -> 47 | V44: =1440*P44 -> 92
A45: WW07 | B45: 02.09-02.15 | C45: 46064 | D45: 0.45347222 | E45: 46064 | F45: 0.56805556 | G45: 46065 | H45: 0.10486111 | I45: 46065 | J45: 0.14583333 | M45: =(E45+F45)-(C45+D45) -> 0.11458333 | N45: =(G45+H45)-(E45+F45) -> 0.53680556 | O45: =(I45+J45)-(G45+H45) -> 0.040972222 | P45: =(C46+D46)-(I45+J45) -> 0.046527778 | S45: =1440*M45 -> 165 | T45: =1440*N45 -> 773 | U45: =1440*O45 -> 59 | V45: =1440*P45 -> 67
A46: WW07 | B46: 02.09-02.15 | C46: 46065 | D46: 0.19236111 | E46: 46065 | F46: 0.31875 | G46: 46065 | H46: 0.80972222 | I46: 46065 | J46: 0.85208333 | M46: =(E46+F46)-(C46+D46) -> 0.12638889 | N46: =(G46+H46)-(E46+F46) -> 0.49097222 | O46: =(I46+J46)-(G46+H46) -> 0.042361111 | P46: =(C47+D47)-(I46+J46) -> 0.05 | S46: =1440*M46 -> 182 | T46: =1440*N46 -> 707 | U46: =1440*O46 -> 61 | V46: =1440*P46 -> 72
A47: WW07 | B47: 02.09-02.15 | C47: 46065 | D47: 0.90208333 | E47: 46066 | F47: 0.020138889 | G47: 46066 | H47: 0.44166667 | I47: 46066 | J47: 0.47152778 | M47: =(E47+F47)-(C47+D47) -> 0.11805556 | N47: =(G47+H47)-(E47+F47) -> 0.42152778 | O47: =(I47+J47)-(G47+H47) -> 0.029861111 | P47: =(C48+D48)-(I47+J47) -> 0.38541667 | S47: =1440*M47 -> 170 | T47: =1440*N47 -> 607 | U47: =1440*O47 -> 43 | V47: =1440*P47 -> 555
A48: WW07 | B48: 02.09-02.15 | C48: 46066 | D48: 0.85694444 | E48: 46066 | F48: 0.98888889 | G48: 46067 | H48: 0.19583333 | I48: 46067 | J48: 0.23194444 | M48: =(E48+F48)-(C48+D48) -> 0.13194444 | N48: =(G48+H48)-(E48+F48) -> 0.20694444 | O48: =(I48+J48)-(G48+H48) -> 0.036111111 | P48: =(C49+D49)-(I48+J48) -> 0.15 | S48: =1440*M48 -> 190 | T48: =1440*N48 -> 298 | U48: =1440*O48 -> 52 | V48: =1440*P48 -> 216
A49: WW07 | B49: 02.09-02.15 | C49: 46067 | D49: 0.38194444 | E49: 46067 | F49: 0.50833333 | G49: 46067 | H49: 0.89305556 | I49: 46067 | J49: 0.93472222 | M49: =(E49+F49)-(C49+D49) -> 0.12638889 | N49: =(G49+H49)-(E49+F49) -> 0.38472222 | O49: =(I49+J49)-(G49+H49) -> 0.041666667 | P49: =(C50+D50)-(I49+J49) -> 0.057638889 | S49: =1440*M49 -> 182 | T49: =1440*N49 -> 554 | U49: =1440*O49 -> 60 | V49: =1440*P49 -> 83
A50: WW07 | B50: 02.09-02.15 | C50: 46067 | D50: 0.99236111 | E50: 46068 | F50: 0.10694444 | G50: 46068 | H50: 0.5125 | I50: 46068 | J50: 0.54652778 | M50: =(E50+F50)-(C50+D50) -> 0.11458333 | N50: =(G50+H50)-(E50+F50) -> 0.40555556 | O50: =(I50+J50)-(G50+H50) -> 0.034027778 | P50: =(C51+D51)-(I50+J50) -> 0.05625 | S50: =1440*M50 -> 165 | T50: =1440*N50 -> 584 | U50: =1440*O50 -> 49 | V50: =1440*P50 -> 81
A51: WW08 | B51: 02.16-02.22 | C51: 46068 | D51: 0.60277778 | E51: 46068 | F51: 0.72569444 | G51: 46069 | H51: 0.24791667 | I51: 46069 | J51: 0.30555556 | M51: =(E51+F51)-(C51+D51) -> 0.12291667 | N51: =(G51+H51)-(E51+F51) -> 0.52222222 | O51: =(I51+J51)-(G51+H51) -> 0.057638889 | P51: =(C52+D52)-(I51+J51) -> 0.24305556 | S51: =1440*M51 -> 177 | T51: =1440*N51 -> 752 | U51: =1440*O51 -> 83 | V51: =1440*P51 -> 350 | X51: Total,min | Y51: 11000 | Z51: =SUM(S51:S59) -> 2171 | AA51: =SUM(T51:T59) -> 5989 | AB51: =SUM(U51:U59) -> 464 | AC51: =SUM(V51:V59) -> 1425
A52: WW08 | B52: 02.16-02.22 | C52: 46069 | D52: 0.54861111 | E52: 46069 | F52: 0.86805556 | G52: 46069 | H52: 0.95208333 | I52: 46069 | J52: 0.96666667 | M52: =(E52+F52)-(C52+D52) -> 0.31944444 | N52: =(G52+H52)-(E52+F52) -> 0.084027778 | O52: =(I52+J52)-(G52+H52) -> 0.014583333 | P52: =(C53+D53)-(I52+J52) -> 0.091666667 | S52: =1440*M52 -> 460 | T52: =1440*N52 -> 121 | U52: =1440*O52 -> 21 | V52: =1440*P52 -> 132 | Z52: =(Z51/Y51)*100 -> 19.736364 | AA52: =(AA51/Y51)*100 -> 54.445455 | AB52: =(AB51/Y51)*100 -> 4.2181818 | AC52: =(AC51/Y51)*100 -> 12.954545
A53: WW08 | B53: 02.16-02.22 | C53: 46070 | D53: 0.058333333 | E53: 46070 | F53: 0.16666667 | G53: 46070 | H53: 0.54166667 | I53: 46070 | J53: 0.58611111 | M53: =(E53+F53)-(C53+D53) -> 0.10833333 | N53: =(G53+H53)-(E53+F53) -> 0.375 | O53: =(I53+J53)-(G53+H53) -> 0.044444444 | P53: =(C54+D54)-(I53+J53) -> 0.077777778 | S53: =1440*M53 -> 156 | T53: =1440*N53 -> 540 | U53: =1440*O53 -> 64 | V53: =1440*P53 -> 112
A54: WW08 | B54: 02.16-02.22 | C54: 46070 | D54: 0.66388889 | E54: 46070 | F54: 0.80555556 | G54: 46071 | H54: 0.32222222 | I54: 46071 | J54: 0.34930556 | M54: =(E54+F54)-(C54+D54) -> 0.14166667 | N54: =(G54+H54)-(E54+F54) -> 0.51666667 | O54: =(I54+J54)-(G54+H54) -> 0.027083333 | P54: =(C55+D55)-(I54+J54) -> 0.13263889 | S54: =1440*M54 -> 204 | T54: =1440*N54 -> 744 | U54: =1440*O54 -> 39 | V54: =1440*P54 -> 191
A55: WW08 | B55: 02.16-02.22 | C55: 46071 | D55: 0.48194444 | E55: 46071 | F55: 0.62291667 | G55: 46072 | H55: 0.2625 | I55: 46072 | J55: 0.3 | M55: =(E55+F55)-(C55+D55) -> 0.14097222 | N55: =(G55+H55)-(E55+F55) -> 0.63958333 | O55: =(I55+J55)-(G55+H55) -> 0.0375 | P55: =(C56+D56)-(I55+J55) -> 0.10347222 | S55: =1440*M55 -> 203 | T55: =1440*N55 -> 921 | U55: =1440*O55 -> 54 | V55: =1440*P55 -> 149
A56: WW08 | B56: 02.16-02.22 | C56: 46072 | D56: 0.40347222 | E56: 46072 | F56: 0.53194444 | G56: 46073 | H56: 0.025 | I56: 46073 | J56: 0.059027778 | M56: =(E56+F56)-(C56+D56) -> 0.12847222 | N56: =(G56+H56)-(E56+F56) -> 0.49305556 | O56: =(I56+J56)-(G56+H56) -> 0.034027778 | P56: =(C57+D57)-(I56+J56) -> 0.10972222 | S56: =1440*M56 -> 185 | T56: =1440*N56 -> 710 | U56: =1440*O56 -> 49 | V56: =1440*P56 -> 158
A57: WW08 | B57: 02.16-02.22 | C57: 46073 | D57: 0.16875 | E57: 46073 | F57: 0.29027778 | G57: 46073 | H57: 0.78402778 | I57: 46073 | J57: 0.82291667 | M57: =(E57+F57)-(C57+D57) -> 0.12152778 | N57: =(G57+H57)-(E57+F57) -> 0.49375 | O57: =(I57+J57)-(G57+H57) -> 0.038888889 | P57: =(C58+D58)-(I57+J57) -> 0.098611111 | S57: =1440*M57 -> 175 | T57: =1440*N57 -> 711 | U57: =1440*O57 -> 56 | V57: =1440*P57 -> 142
A58: WW08 | B58: 02.16-02.22 | C58: 46073 | D58: 0.92152778 | E58: 46074 | F58: 0.05 | G58: 46074 | H58: 0.57430556 | I58: 46074 | J58: 0.61041667 | M58: =(E58+F58)-(C58+D58) -> 0.12847222 | N58: =(G58+H58)-(E58+F58) -> 0.52430556 | O58: =(I58+J58)-(G58+H58) -> 0.036111111 | P58: =(C59+D59)-(I58+J58) -> 0.11041667 | S58: =1440*M58 -> 185 | T58: =1440*N58 -> 755 | U58: =1440*O58 -> 52 | V58: =1440*P58 -> 159
A59: WW08 | B59: 02.16-02.22 | C59: 46074 | D59: 0.72083333 | E59: 46075 | F59: 0.016666667 | G59: 46075 | H59: 0.52708333 | I59: 46075 | J59: 0.55902778 | M59: =(E59+F59)-(C59+D59) -> 0.29583333 | N59: =(G59+H59)-(E59+F59) -> 0.51041667 | O59: =(I59+J59)-(G59+H59) -> 0.031944444 | P59: =(C60+D60)-(I59+J59) -> 0.022222222 | S59: =1440*M59 -> 426 | T59: =1440*N59 -> 735 | U59: =1440*O59 -> 46 | V59: =1440*P59 -> 32
A60: WW09 | B60: 02.23-03.01 | C60: 46075 | D60: 0.58125 | E60: 46075 | F60: 0.69444444 | G60: 46076 | H60: 0.26111111 | I60: 46076 | J60: 0.30208333 | M60: =(E60+F60)-(C60+D60) -> 0.11319444 | N60: =(G60+H60)-(E60+F60) -> 0.56666667 | O60: =(I60+J60)-(G60+H60) -> 0.040972222 | P60: =(C61+D61)-(I60+J60) -> 0.12638889 | S60: =1440*M60 -> 163 | T60: =1440*N60 -> 816 | U60: =1440*O60 -> 59 | V60: =1440*P60 -> 182 | X60: Total,min | Y60: 11000 | Z60: =SUM(S60:S68) -> 1838 | AA60: =SUM(T60:T68) -> 6870 | AB60: =SUM(U60:U68) -> 520 | AC60: =SUM(V60:V68) -> 1141
A61: WW09 | B61: 02.23-03.01 | C61: 46076 | D61: 0.42847222 | E61: 46076 | F61: 0.61736111 | G61: 46077 | H61: 0.15069444 | I61: 46077 | J61: 0.1875 | M61: =(E61+F61)-(C61+D61) -> 0.18888889 | N61: =(G61+H61)-(E61+F61) -> 0.53333333 | O61: =(I61+J61)-(G61+H61) -> 0.036805556 | P61: =(C62+D62)-(I61+J61) -> 0.049305556 | S61: =1440*M61 -> 272 | T61: =1440*N61 -> 768 | U61: =1440*O61 -> 53 | V61: =1440*P61 -> 71 | Z61: =(Z60/Y60)*100 -> 16.709091 | AA61: =(AA60/Y60)*100 -> 62.454545 | AB61: =(AB60/Y60)*100 -> 4.7272727 | AC61: =(AC60/Y60)*100 -> 10.372727
A62: WW09 | B62: 02.23-03.01 | C62: 46077 | D62: 0.23680556 | E62: 46077 | F62: 0.37569444 | G62: 46077 | H62: 0.82152778 | I62: 46077 | J62: 0.84305556 | M62: =(E62+F62)-(C62+D62) -> 0.13888889 | N62: =(G62+H62)-(E62+F62) -> 0.44583333 | O62: =(I62+J62)-(G62+H62) -> 0.021527778 | P62: =(C63+D63)-(I62+J62) -> 0.16458333 | S62: =1440*M62 -> 200 | T62: =1440*N62 -> 642 | U62: =1440*O62 -> 31 | V62: =1440*P62 -> 237
A63: WW09 | B63: 02.23-03.01 | C63: 46078 | D63: 0.0076388889 | E63: 46078 | F63: 0.15555556 | G63: 46078 | H63: 0.48263889 | I63: 46078 | J63: 0.55416667 | M63: =(E63+F63)-(C63+D63) -> 0.14791667 | N63: =(G63+H63)-(E63+F63) -> 0.32708333 | O63: =(I63+J63)-(G63+H63) -> 0.071527778 | P63: =(C64+D64)-(I63+J63) -> 0.054166667 | S63: =1440*M63 -> 213 | T63: =1440*N63 -> 471 | U63: =1440*O63 -> 103 | V63: =1440*P63 -> 78
A64: WW09 | B64: 02.23-03.01 | C64: 46078 | D64: 0.60833333 | E64: 46078 | F64: 0.73958333 | G64: 46079 | H64: 0.25833333 | I64: 46079 | J64: 0.29791667 | M64: =(E64+F64)-(C64+D64) -> 0.13125 | N64: =(G64+H64)-(E64+F64) -> 0.51875 | O64: =(I64+J64)-(G64+H64) -> 0.039583333 | P64: =(C65+D65)-(I64+J64) -> 0.075 | S64: =1440*M64 -> 189 | T64: =1440*N64 -> 747 | U64: =1440*O64 -> 57 | V64: =1440*P64 -> 108
A65: WW09 | B65: 02.23-03.01 | C65: 46079 | D65: 0.37291667 | E65: 46079 | F65: 0.50694444 | G65: 46080 | H65: 0.11597222 | I65: 46080 | J65: 0.15972222 | M65: =(E65+F65)-(C65+D65) -> 0.13402778 | N65: =(G65+H65)-(E65+F65) -> 0.60902778 | O65: =(I65+J65)-(G65+H65) -> 0.04375 | P65: =(C66+D66)-(I65+J65) -> 0.070833333 | S65: =1440*M65 -> 193 | T65: =1440*N65 -> 877 | U65: =1440*O65 -> 63 | V65: =1440*P65 -> 102
A66: WW09 | B66: 02.23-03.01 | C66: 46080 | D66: 0.23055556 | E66: 46080 | F66: 0.37361111 | G66: 46080 | H66: 0.95625 | I66: 46080 | J66: 0.98958333 | M66: =(E66+F66)-(C66+D66) -> 0.14305556 | N66: =(G66+H66)-(E66+F66) -> 0.58263889 | O66: =(I66+J66)-(G66+H66) -> 0.033333333 | P66: =(C67+D67)-(I66+J66) -> 0.11388889 | S66: =1440*M66 -> 206 | T66: =1440*N66 -> 839 | U66: =1440*O66 -> 48 | V66: =1440*P66 -> 164
A67: WW09 | B67: 02.23-03.01 | C67: 46081 | D67: 0.10347222 | E67: 46081 | F67: 0.25 | G67: 46081 | H67: 0.83263889 | I67: 46081 | J67: 0.86875 | M67: =(E67+F67)-(C67+D67) -> 0.14652778 | N67: =(G67+H67)-(E67+F67) -> 0.58263889 | O67: =(I67+J67)-(G67+H67) -> 0.036111111 | P67: =(C68+D68)-(I67+J67) -> 0.072222222 | S67: =1440*M67 -> 211 | T67: =1440*N67 -> 839 | U67: =1440*O67 -> 52 | V67: =1440*P67 -> 104
A68: WW09 | B68: 02.23-03.01 | C68: 46081 | D68: 0.94097222 | E68: 46082 | F68: 0.073611111 | G68: 46082 | H68: 0.67847222 | I68: 46082 | J68: 0.71597222 | M68: =(E68+F68)-(C68+D68) -> 0.13263889 | N68: =(G68+H68)-(E68+F68) -> 0.60486111 | O68: =(I68+J68)-(G68+H68) -> 0.0375 | P68: =(C69+D69)-(I68+J68) -> 0.065972222 | S68: =1440*M68 -> 191 | T68: =1440*N68 -> 871 | U68: =1440*O68 -> 54 | V68: =1440*P68 -> 95 | AE68: 0.125
A69: WW10 | B69: 03.02-03.08 | C69: 46082 | D69: 0.78194444 | E69: 46082 | F69: 0.91666667 | G69: 46083 | H69: 0.24375 | I69: 46083 | J69: 0.28819444 | M69: =(E69+F69)-(C69+D69) -> 0.13472222 | N69: =(G69+H69)-(E69+F69) -> 0.32708333 | O69: =(I69+J69)-(G69+H69) -> 0.044444444 | P69: =(C70+D70)-(I69+J69) -> 0.083333333 | S69: =1440*M69 -> 194 | T69: =1440*N69 -> 471 | U69: =1440*O69 -> 64 | V69: =1440*P69 -> 120 | X69: Total,min | Y69: 11000 | Z69: =SUM(S69:S77) -> 1842 | AA69: =SUM(T69:T77) -> 5773 | AB69: =SUM(U69:U77) -> 494 | AC69: =SUM(V69:V77) -> 1270
A70: WW10 | B70: 03.02-03.08 | C70: 46083 | D70: 0.37152778 | E70: 46083 | F70: 0.50208333 | G70: 46083 | H70: 0.93541667 | I70: 46083 | J70: 0.97291667 | M70: =(E70+F70)-(C70+D70) -> 0.13055556 | N70: =(G70+H70)-(E70+F70) -> 0.43333333 | O70: =(I70+J70)-(G70+H70) -> 0.0375 | P70: =(C71+D71)-(I70+J70) -> 0.094444444 | S70: =1440*M70 -> 188 | T70: =1440*N70 -> 624 | U70: =1440*O70 -> 54 | V70: =1440*P70 -> 136 | Z70: =(Z69/Y69)*100 -> 16.745455 | AA70: =(AA69/Y69)*100 -> 52.481818 | AB70: =(AB69/Y69)*100 -> 4.4909091 | AC70: =(AC69/Y69)*100 -> 11.545455
A71: WW10 | B71: 03.02-03.08 | C71: 46084 | D71: 0.067361111 | E71: 46084 | F71: 0.19722222 | G71: 46084 | H71: 0.75555556 | I71: 46084 | J71: 0.79375 | M71: =(E71+F71)-(C71+D71) -> 0.12986111 | N71: =(G71+H71)-(E71+F71) -> 0.55833333 | O71: =(I71+J71)-(G71+H71) -> 0.038194444 | P71: =(C72+D72)-(I71+J71) -> 0.086111111 | S71: =1440*M71 -> 187 | T71: =1440*N71 -> 804 | U71: =1440*O71 -> 55 | V71: =1440*P71 -> 124
A72: WW10 | B72: 03.02-03.08 | C72: 46084 | D72: 0.87986111 | E72: 46085 | F72: 0.021527778 | G72: 46085 | H72: 0.48680556 | I72: 46085 | J72: 0.52569444 | M72: =(E72+F72)-(C72+D72) -> 0.14166667 | N72: =(G72+H72)-(E72+F72) -> 0.46527778 | O72: =(I72+J72)-(G72+H72) -> 0.038888889 | P72: =(C73+D73)-(I72+J72) -> 0.10902778 | S72: =1440*M72 -> 204 | T72: =1440*N72 -> 670 | U72: =1440*O72 -> 56 | V72: =1440*P72 -> 157
A73: WW10 | B73: 03.02-03.08 | C73: 46085 | D73: 0.63472222 | E73: 46085 | F73: 0.77847222 | G73: 46086 | H73: 0.38472222 | I73: 46086 | J73: 0.41736111 | M73: =(E73+F73)-(C73+D73) -> 0.14375 | N73: =(G73+H73)-(E73+F73) -> 0.60625 | O73: =(I73+J73)-(G73+H73) -> 0.032638889 | P73: =(C74+D74)-(I73+J73) -> 0.082638889 | S73: =1440*M73 -> 207 | T73: =1440*N73 -> 873 | U73: =1440*O73 -> 47 | V73: =1440*P73 -> 119
A74: WW10 | B74: 03.02-03.08 | C74: 46086 | D74: 0.5 | E74: 46086 | F74: 0.69861111 | G74: 46086 | H74: 0.7125 | I74: 46086 | J74: 0.74791667 | M74: =(E74+F74)-(C74+D74) -> 0.19861111 | N74: =(G74+H74)-(E74+F74) -> 0.013888889 | O74: =(I74+J74)-(G74+H74) -> 0.035416667 | P74: =(C75+D75)-(I74+J74) -> 0.049305556 | S74: =1440*M74 -> 286 | T74: =1440*N74 -> 20 | U74: =1440*O74 -> 51 | V74: =1440*P74 -> 71
A75: WW10 | B75: 03.02-03.08 | C75: 46086 | D75: 0.79722222 | E75: 46086 | F75: 0.90763889 | G75: 46087 | H75: 0.37361111 | I75: 46087 | J75: 0.40902778 | M75: =(E75+F75)-(C75+D75) -> 0.11041667 | N75: =(G75+H75)-(E75+F75) -> 0.46597222 | O75: =(I75+J75)-(G75+H75) -> 0.035416667 | P75: =(C76+D76)-(I75+J75) -> 0.23541667 | S75: =1440*M75 -> 159 | T75: =1440*N75 -> 671 | U75: =1440*O75 -> 51 | V75: =1440*P75 -> 339
A76: WW10 | B76: 03.02-03.08 | C76: 46087 | D76: 0.64444444 | E76: 46087 | F76: 0.80763889 | G76: 46088 | H76: 0.38263889 | I76: 46088 | J76: 0.41805556 | M76: =(E76+F76)-(C76+D76) -> 0.16319444 | N76: =(G76+H76)-(E76+F76) -> 0.575 | O76: =(I76+J76)-(G76+H76) -> 0.035416667 | P76: =(C77+D77)-(I76+J76) -> 0.099305556 | S76: =1440*M76 -> 235 | T76: =1440*N76 -> 828 | U76: =1440*O76 -> 51 | V76: =1440*P76 -> 143
A77: WW10 | B77: 03.02-03.08 | C77: 46088 | D77: 0.51736111 | E77: 46088 | F77: 0.64375 | G77: 46089 | H77: 0.20763889 | I77: 46089 | J77: 0.25277778 | M77: =(E77+F77)-(C77+D77) -> 0.12638889 | N77: =(G77+H77)-(E77+F77) -> 0.56388889 | O77: =(I77+J77)-(G77+H77) -> 0.045138889 | P77: =(C78+D78)-(I77+J77) -> 0.042361111 | S77: =1440*M77 -> 182 | T77: =1440*N77 -> 812 | U77: =1440*O77 -> 65 | V77: =1440*P77 -> 61
A78: WW11 | B78: 03.09-03.15 | C78: 46089 | D78: 0.29513889 | E78: 46089 | F78: 0.60972222 | G78: 46090 | H78: 0.18402778 | I78: 46090 | J78: 0.22222222 | M78: =(E78+F78)-(C78+D78) -> 0.31458333 | N78: =(G78+H78)-(E78+F78) -> 0.57430556 | O78: =(I78+J78)-(G78+H78) -> 0.038194444 | P78: =(C79+D79)-(I78+J78) -> 0.097222222 | S78: =1440*M78 -> 453 | T78: =1440*N78 -> 827 | U78: =1440*O78 -> 55 | V78: =1440*P78 -> 140 | X78: Total,min | Y78: 11000 | Z78: =SUM(S78:S85) -> 1733 | AA78: =SUM(T78:T85) -> 5864 | AB78: =SUM(U78:U85) -> 409 | AC78: =SUM(V78:V85) -> 2576
A79: WW11 | B79: 03.09-03.15 | C79: 46090 | D79: 0.31944444 | E79: 46090 | F79: 0.46597222 | G79: 46090 | H79: 0.73125 | I79: 46090 | J79: 0.77222222 | M79: =(E79+F79)-(C79+D79) -> 0.14652778 | N79: =(G79+H79)-(E79+F79) -> 0.26527778 | O79: =(I79+J79)-(G79+H79) -> 0.040972222 | P79: =(C80+D80)-(I79+J79) -> 0.095833333 | S79: =1440*M79 -> 211 | T79: =1440*N79 -> 382 | U79: =1440*O79 -> 59 | V79: =1440*P79 -> 138 | Z79: =(Z78/Y78)*100 -> 15.754545 | AA79: =(AA78/Y78)*100 -> 53.309091 | AB79: =(AB78/Y78)*100 -> 3.7181818 | AC79: =(AC78/Y78)*100 -> 23.418182
A80: WW11 | B80: 03.09-03.15 | C80: 46090 | D80: 0.86805556 | E80: 46090 | F80: 0.98958333 | G80: 46091 | H80: 0.38819444 | I80: 46091 | J80: 0.40208333 | M80: =(E80+F80)-(C80+D80) -> 0.12152778 | N80: =(G80+H80)-(E80+F80) -> 0.39861111 | O80: =(I80+J80)-(G80+H80) -> 0.013888889 | P80: =(C81+D81)-(I80+J80) -> 0.70208333 | S80: =1440*M80 -> 175 | T80: =1440*N80 -> 574 | U80: =1440*O80 -> 20 | V80: =1440*P80 -> 1011
A81: WW11 | B81: 03.09-03.15 | C81: 46092 | D81: 0.10416667 | E81: 46092 | F81: 0.20625 | G81: 46092 | H81: 0.78055556 | I81: 46092 | J81: 0.81666667 | M81: =(E81+F81)-(C81+D81) -> 0.10208333 | N81: =(G81+H81)-(E81+F81) -> 0.57430556 | O81: =(I81+J81)-(G81+H81) -> 0.036111111 | P81: =(C82+D82)-(I81+J81) -> 0.084027778 | S81: =1440*M81 -> 147 | T81: =1440*N81 -> 827 | U81: =1440*O81 -> 52 | V81: =1440*P81 -> 121
A82: WW11 | B82: 03.09-03.15 | C82: 46092 | D82: 0.90069444 | E82: 46093 | F82: 0.065277778 | G82: 46093 | H82: 0.64791667 | I82: 46093 | J82: 0.6875 | M82: =(E82+F82)-(C82+D82) -> 0.16458333 | N82: =(G82+H82)-(E82+F82) -> 0.58263889 | O82: =(I82+J82)-(G82+H82) -> 0.039583333 | P82: =(C83+D83)-(I82+J82) -> 0.45833333 | S82: =1440*M82 -> 237 | T82: =1440*N82 -> 839 | U82: =1440*O82 -> 57 | V82: =1440*P82 -> 660
A83: WW11 | B83: 03.09-03.15 | C83: 46094 | D83: 0.14583333 | E83: 46094 | F83: 0.24930556 | G83: 46094 | H83: 0.825 | I83: 46094 | J83: 0.86111111 | M83: =(E83+F83)-(C83+D83) -> 0.10347222 | N83: =(G83+H83)-(E83+F83) -> 0.57569444 | O83: =(I83+J83)-(G83+H83) -> 0.036111111 | P83: =(C84+D84)-(I83+J83) -> 0.17569444 | S83: =1440*M83 -> 149 | T83: =1440*N83 -> 829 | U83: =1440*O83 -> 52 | V83: =1440*P83 -> 253
A84: WW11 | B84: 03.09-03.15 | C84: 46095 | D84: 0.036805556 | E84: 46095 | F84: 0.14861111 | G84: 46095 | H84: 0.69305556 | I84: 46095 | J84: 0.73819444 | M84: =(E84+F84)-(C84+D84) -> 0.11180556 | N84: =(G84+H84)-(E84+F84) -> 0.54444444 | O84: =(I84+J84)-(G84+H84) -> 0.045138889 | P84: =(C85+D85)-(I84+J84) -> 0.045833333 | S84: =1440*M84 -> 161 | T84: =1440*N84 -> 784 | U84: =1440*O84 -> 65 | V84: =1440*P84 -> 66
A85: WW11 | B85: 03.09-03.15 | C85: 46095 | D85: 0.78402778 | E85: 46095 | F85: 0.92291667 | G85: 46096 | H85: 0.47986111 | I85: 46096 | J85: 0.51388889 | M85: =(E85+F85)-(C85+D85) -> 0.13888889 | N85: =(G85+H85)-(E85+F85) -> 0.55694444 | O85: =(I85+J85)-(G85+H85) -> 0.034027778 | P85: =(C86+D86)-(I85+J85) -> 0.12986111 | S85: =1440*M85 -> 200 | T85: =1440*N85 -> 802 | U85: =1440*O85 -> 49 | V85: =1440*P85 -> 187
A86: WW12 | B86: 03.16-03.22 | C86: 46096 | D86: 0.64375 | E86: 46096 | F86: 0.75277778 | G86: 46097 | H86: 0.22291667 | I86: 46097 | J86: 0.30138889 | M86: =(E86+F86)-(C86+D86) -> 0.10902778 | N86: =(G86+H86)-(E86+F86) -> 0.47013889 | O86: =(I86+J86)-(G86+H86) -> 0.078472222 | P86: =(C87+D87)-(I86+J86) -> 0.14236111 | S86: =1440*M86 -> 157 | T86: =1440*N86 -> 677 | U86: =1440*O86 -> 113 | V86: =1440*P86 -> 205 | X86: Total,min | Y86: 11000 | Z86: =SUM(S86:S93) -> 1782 | AA86: =SUM(T86:T93) -> 5775 | AB86: =SUM(U86:U93) -> 520 | AC86: =SUM(V86:V93) -> 3630
A87: WW12 | B87: 03.16-03.22 | C87: 46097 | D87: 0.44375 | E87: 46097 | F87: 0.66666667 | G87: 46098 | H87: 0.26875 | I87: 46098 | J87: 0.32986111 | M87: =(E87+F87)-(C87+D87) -> 0.22291667 | N87: =(G87+H87)-(E87+F87) -> 0.60208333 | O87: =(I87+J87)-(G87+H87) -> 0.061111111 | P87: =(C88+D88)-(I87+J87) -> 0.092361111 | S87: =1440*M87 -> 321 | T87: =1440*N87 -> 867 | U87: =1440*O87 -> 88 | V87: =1440*P87 -> 133 | Z87: =(Z86/Y86)*100 -> 16.2 | AA87: =(AA86/Y86)*100 -> 52.5 | AB87: =(AB86/Y86)*100 -> 4.7272727 | AC87: =(AC86/Y86)*100 -> 33
A88: WW12 | B88: 03.16-03.22 | C88: 46098 | D88: 0.42222222 | E88: 46098 | F88: 0.72083333 | G88: 46099 | H88: 0.029166667 | I88: 46099 | J88: 0.084722222 | M88: =(E88+F88)-(C88+D88) -> 0.29861111 | N88: =(G88+H88)-(E88+F88) -> 0.30833333 | O88: =(I88+J88)-(G88+H88) -> 0.055555556 | P88: =(C89+D89)-(I88+J88) -> 0.41458333 | S88: =1440*M88 -> 430 | T88: =1440*N88 -> 444 | U88: =1440*O88 -> 80 | V88: =1440*P88 -> 597
A89: WW12 | B89: 03.16-03.22 | C89: 46099 | D89: 0.49930556 | E89: 46099 | F89: 0.61319444 | G89: 46099 | H89: 0.97916667 | I89: 46100 | J89: 0.0069444444 | M89: =(E89+F89)-(C89+D89) -> 0.11388889 | N89: =(G89+H89)-(E89+F89) -> 0.36597222 | O89: =(I89+J89)-(G89+H89) -> 0.027777778 | P89: =(C90+D90)-(I89+J89) -> 0.33472222 | S89: =1440*M89 -> 164 | T89: =1440*N89 -> 527 | U89: =1440*O89 -> 40 | V89: =1440*P89 -> 482
A90: WW12 | B90: 03.16-03.22 | C90: 46100 | D90: 0.34166667 | E90: 46100 | F90: 0.46666667 | G90: 46100 | H90: 0.97847222 | I90: 46101 | J90: 0.013888889 | M90: =(E90+F90)-(C90+D90) -> 0.125 | N90: =(G90+H90)-(E90+F90) -> 0.51180556 | O90: =(I90+J90)-(G90+H90) -> 0.035416667 | P90: =(C91+D91)-(I90+J90) -> 0.15416667 | S90: =1440*M90 -> 180 | T90: =1440*N90 -> 737 | U90: =1440*O90 -> 51 | V90: =1440*P90 -> 222
A91: WW12 | B91: 03.16-03.22 | C91: 46101 | D91: 0.16805556 | E91: 46101 | F91: 0.30138889 | G91: 46101 | H91: 0.85902778 | I91: 46101 | J91: 0.89583333 | M91: =(E91+F91)-(C91+D91) -> 0.13333333 | N91: =(G91+H91)-(E91+F91) -> 0.55763889 | O91: =(I91+J91)-(G91+H91) -> 0.036805556 | P91: =(C92+D92)-(I91+J91) -> 0.10555556 | S91: =1440*M91 -> 192 | T91: =1440*N91 -> 803 | U91: =1440*O91 -> 53 | V91: =1440*P91 -> 152
A92: WW12 | B92: 03.16-03.22 | C92: 46102 | D92: 0.0013888889 | E92: 46102 | F92: 0.10069444 | G92: 46102 | H92: 0.75 | I92: 46102 | J92: 0.78194444 | M92: =(E92+F92)-(C92+D92) -> 0.099305556 | N92: =(G92+H92)-(E92+F92) -> 0.64930556 | O92: =(I92+J92)-(G92+H92) -> 0.031944444 | P92: =(C93+D93)-(I92+J92) -> 0.072222222 | S92: =1440*M92 -> 143 | T92: =1440*N92 -> 935 | U92: =1440*O92 -> 46 | V92: =1440*P92 -> 104
A93: WW12 | B93: 03.16-03.22 | C93: 46102 | D93: 0.85416667 | E93: 46102 | F93: 0.98958333 | G93: 46103 | H93: 0.53472222 | I93: 46103 | J93: 0.56875 | M93: =(E93+F93)-(C93+D93) -> 0.13541667 | N93: =(G93+H93)-(E93+F93) -> 0.54513889 | O93: =(I93+J93)-(G93+H93) -> 0.034027778 | P93: =(C94+D94)-(I93+J93) -> 1.2048611 | S93: =1440*M93 -> 195 | T93: =1440*N93 -> 785 | U93: =1440*O93 -> 49 | V93: =1440*P93 -> 1735
A94: WW13 | B94: 03.23-03.29 | C94: 46104 | D94: 0.77361111 | E94: 46104 | F94: 0.8625 | G94: 46105 | H94: 0.34305556 | I94: 46105 | J94: 0.37708333 | M94: =(E94+F94)-(C94+D94) -> 0.088888889 | N94: =(G94+H94)-(E94+F94) -> 0.48055556 | O94: =(I94+J94)-(G94+H94) -> 0.034027778 | P94: =(C95+D95)-(I94+J94) -> 0.091666667 | S94: =1440*M94 -> 128 | T94: =1440*N94 -> 692 | U94: =1440*O94 -> 49 | V94: =1440*P94 -> 132 | X94: Total,min | Y94: 11000 | Z94: =SUM(S94:S102) -> 1444 | AA94: =SUM(T94:T102) -> 5093 | AB94: =SUM(U94:U102) -> 441 | AC94: =SUM(V94:V102) -> 1723
A95: WW13 | B95: 03.23-03.29 | C95: 46105 | D95: 0.46875 | E95: 46105 | F95: 0.59305556 | G95: 46105 | H95: 0.83888889 | I95: 46105 | J95: 0.87708333 | M95: =(E95+F95)-(C95+D95) -> 0.12430556 | N95: =(G95+H95)-(E95+F95) -> 0.24583333 | O95: =(I95+J95)-(G95+H95) -> 0.038194444 | P95: =(C96+D96)-(I95+J95) -> 0.067361111 | S95: =1440*M95 -> 179 | T95: =1440*N95 -> 354 | U95: =1440*O95 -> 55 | V95: =1440*P95 -> 97 | Z95: =(Z94/Y94)*100 -> 13.127273 | AA95: =(AA94/Y94)*100 -> 46.3 | AB95: =(AB94/Y94)*100 -> 4.0090909 | AC95: =(AC94/Y94)*100 -> 15.663636
A96: WW13 | B96: 03.23-03.29 | C96: 46105 | D96: 0.94444444 | E96: 46106 | F96: 0.099305556 | G96: 46106 | H96: 0.57291667 | I96: 46106 | J96: 0.61458333 | M96: =(E96+F96)-(C96+D96) -> 0.15486111 | N96: =(G96+H96)-(E96+F96) -> 0.47361111 | O96: =(I96+J96)-(G96+H96) -> 0.041666667 | P96: =(C97+D97)-(I96+J96) -> 0.059722222 | S96: =1440*M96 -> 223 | T96: =1440*N96 -> 682 | U96: =1440*O96 -> 60 | V96: =1440*P96 -> 86
A97: WW13 | B97: 03.23-03.29 | C97: 46106 | D97: 0.67430556 | E97: 46106 | F97: 0.7875 | G97: 46106 | H97: 0.91736111 | I97: 46106 | J97: 0.93958333 | M97: =(E97+F97)-(C97+D97) -> 0.11319444 | N97: =(G97+H97)-(E97+F97) -> 0.12986111 | O97: =(I97+J97)-(G97+H97) -> 0.022222222 | P97: =(C98+D98)-(I97+J97) -> 0.050694444 | S97: =1440*M97 -> 163 | T97: =1440*N97 -> 187 | U97: =1440*O97 -> 32 | V97: =1440*P97 -> 73
A98: WW13 | B98: 03.23-03.29 | C98: 46106 | D98: 0.99027778 | E98: 46107 | F98: 0.076388889 | G98: 46107 | H98: 0.31736111 | I98: 46107 | J98: 0.35138889 | M98: =(E98+F98)-(C98+D98) -> 0.086111111 | N98: =(G98+H98)-(E98+F98) -> 0.24097222 | O98: =(I98+J98)-(G98+H98) -> 0.034027778 | P98: =(C99+D99)-(I98+J98) -> 0.53888889 | S98: =1440*M98 -> 124 | T98: =1440*N98 -> 347 | U98: =1440*O98 -> 49 | V98: =1440*P98 -> 776
A99: WW13 | B99: 03.23-03.29 | C99: 46107 | D99: 0.89027778 | E99: 46107 | F99: 0.99652778 | G99: 46108 | H99: 0.24166667 | I99: 46108 | J99: 0.27986111 | M99: =(E99+F99)-(C99+D99) -> 0.10625 | N99: =(G99+H99)-(E99+F99) -> 0.24513889 | O99: =(I99+J99)-(G99+H99) -> 0.038194444 | P99: =(C100+D100)-(I99+J99) -> 0.12708333 | S99: =1440*M99 -> 153 | T99: =1440*N99 -> 353 | U99: =1440*O99 -> 55 | V99: =1440*P99 -> 183
A100: WW13 | B100: 03.23-03.29 | C100: 46108 | D100: 0.40694444 | E100: 46108 | F100: 0.52430556 | G100: 46109 | H100: 0.14097222 | I100: 46109 | J100: 0.16666667 | M100: =(E100+F100)-(C100+D100) -> 0.11736111 | N100: =(G100+H100)-(E100+F100) -> 0.61666667 | O100: =(I100+J100)-(G100+H100) -> 0.025694444 | P100: =(C101+D101)-(I100+J100) -> 0.15 | S100: =1440*M100 -> 169 | T100: =1440*N100 -> 888 | U100: =1440*O100 -> 37 | V100: =1440*P100 -> 216
...

Sheet Total Tape Length per Workweek
D8: WW10 | E8: WW11 | F8: WW12 | G8: WW13 | H8: WW14 | I8: WW15 | J8: WW16 | K8: WW17 | L8: WW18 | M8: WW19 | N8: WW20 | O8: WW21 | P8: WW22 | Q8: WW23 | R8: WW24 | S8: WW25 | T8: WW26 | U8: WW27 | V8: WW28 | W8: WW29 | X8: WW30 | Y8: WW31 | Z8: WW32 | AA8: WW33 | AB8: WW34 | AC8: WW35
C9: Actual Deposited Tape | D9: =SUM('Dep Cycle Time Monitoring'!H4:H13) -> 15415 | E9: =SUM('Dep Cycle Time Monitoring'!H15:H21) -> 9873 | F9: =SUM('Dep Cycle Time Monitoring'!H22:H28) -> 10883 | G9: =SUM('Dep Cycle Time Monitoring'!H29:H38) -> 13258 | H9: =SUM('Dep Cycle Time Monitoring'!H39:H39) -> 0 | I9: =SUM('Dep Cycle Time Monitoring'!#REF!) -> #REF! | J9: =SUM('Dep Cycle Time Monitoring'!#REF!) -> #REF! | K9: =SUM('Dep Cycle Time Monitoring'!#REF!) -> #REF! | M9: =SUM('Dep Cycle Time Monitoring'!#REF!) -> #REF! | N9: =SUM('Dep Cycle Time Monitoring'!#REF!) -> #REF! | O9: =SUM('Dep Cycle Time Monitoring'!#REF!) -> #REF! | P9: =SUM('Dep Cycle Time Monitoring'!#REF!) -> #REF! | Q9: =SUM('Dep Cycle Time Monitoring'!#REF!) -> #REF! | R9: =SUM('Dep Cycle Time Monitoring'!#REF!) -> #REF! | S9: =SUM('Dep Cycle Time Monitoring'!#REF!) -> #REF! | T9: =SUM('Dep Cycle Time Monitoring'!#REF!) -> #REF! | ... Y9: =SUM('Dep Cycle Time Monitoring'!#REF!) -> #REF!
C10: Target | D10: 15000 | E10: 15000 | F10: 15000 | G10: 15000 | H10: 15000 | I10: 15000 | J10: 15000 | K10: 15000 | L10: 15000 | M10: 15000 | N10: 15000 | O10: 15000 | P10: 15000 | Q10: 15000 | R10: 15000 | S10: 15000 | T10: 15000 | U10: 15000 | V10: 15000 | W10: 15000 | X10: 15000 | Y10: 15000 | Z10: 15000 | AA10: 15000 | AB10: 15000 | AC10: 15000

Sheet 4-March
B2: Process Parameter Conditions
B3: PM1 | C3: 4000
B4: PM2 | C4: 3000
B5: PM3 | C5: 1000
B6: Rate in IBAD
B7: Rate in EPI | C7: 13
B8: Speed (m/min) | C8: 3
F14: Length | H14: Event
N24: ATTACH/PASTE GREENSCAN HERE
N46: ATTACH/PASTE GREENSCAN HERE

Sheet work week

Sheet Sheet1
B1: Metrics | C1: UOM | D1: Target | E1: Actual | M1: Results | N1: Delta
E2: WW20 | F2: WW21 | G2: WW22 | H2: WW23 | I2: WW24 | J2: WW25 | K2: WW26 | L2: WW27
B3: Production Output | C3: Km/week | D3: 15 km/week | E3: 16k
B6: Production Yield | C6: % | D6: 0.97 | E6: 0.98
B9: In-Process Defects | C9: % | D9: >2% | E9: 1.50% | O9: Data will be gathered thru database (Egun1OFF, cut from eval samples)
B12: Set up time | C12: Average Minutes | D12: >220 | E12: 210
B15: Average Ic | C15: Amperes/Km | D15: 600 | E15: 620 | O15: Get the average weekly Ic
B18: XRD | C18: Angle Degrees | D18: <7Deg | O18: Get the average weekly XRD

Sheet Detail1
A1: Details for Sum of E-Gun 1 OFF Occurrence - Workweek: WW44, E-Gun 1 OFF Occurrence: 0 (+)
A3: Workweek | B3: Tape Number | C3: ION Source OFF | D3: E-Gun 1 OFF Occurrence | E3: E-Gun 2 OFF Occurrence | F3: Grids
A4: WW44 | B4: #2750(1197-0)#2740(1616-966) | C4: 0 | D4: 3 | E4: 0 | F4: KTM023
A5: WW44 | B5: #2750(1317-0) #2736(1255-0) | C5: 0 | D5: 2 | E5: 0 | F5: KTM023
A6: WW44 | B6: #2728(1450-0) | C6: 0 | D6: 1 | E6: 0 | F6: KTM023
A7: WW44 | B7: #2736(1655-1255) | C7: 0 | D7: 0 | E7: 0 | F7: R009
A8: WW44 | B8: #2738(1613-0) | C8: 0 | D8: 3 | E8: 0 | F8: R009
A9: WW44 | B9: #2726(1617-0) | C9: 0 | D9: 0 | E9: 0 | F9: R009
A10: WW44 | B10: #2730(1400-1200) | C10: 0 | D10: 0 | E10: 0 | F10: R009
A11: WW44 | B11: #2730(1653-1400) | C11: 1 | D11: 1 | E11: 0 | F11: R009
A12: WW44 | B12: #2732(1276-0) | C12: 0 | D12: 0 | E12: 0 | F12: R009
A13: WW44 | B13: #2732(1656-1276) | C13: 3 | D13: 0 | E13: 0 | F13: R009
A14: WW44 | B14: #2730(1000-0) | C14: 0 | D14: 0 | E14: 0 | F14: R117

Sheet COUNTS
A1: Workweek | B1: Tape Number | C1: ION Source OFF | D1: E-Gun 1 OFF Occurrence | E1: E-Gun 2 OFF Occurrence | F1: Grids
A2: WW02 | B2: #2900(1662-0) | C2: 0 | D2: 1 | E2: 0 | F2: KTM023
A3: WW02 | B3: #2902(1665-0) | C3: 0 | D3: 0 | E3: 0 | F3: KTM027
A4: WW02 | B4: #2902(1665-0) | C4: 0 | D4: 0 | E4: 0 | F4: KTM027
A5: WW02 | B5: #2904(1662-0) | C5: 0 | D5: 0 | E5: 0 | F5: KTM027
A6: WW02 | B6: #2906(1536-0) #2880(1691-1534) | C6: 0 | D6: 0 | E6: 0 | F6: KTM027
A7: WW02 | B7: #2898(985-1427) | C7: 0 | D7: 0 | E7: 0 | F7: KTM027 | O7: E-Gun 1 OFF Occurrence | P7: (Multiple Items)
A8: WW02 | B8: #2898(339-985) #2892(1385-0) | C8: 0 | D8: 0 | E8: 0 | F8: KTM027
A9: WW02 | B9: #2912(1620-0) | C9: 0 | D9: 0 | E9: 0 | F9: KTM027 | P9: Column Labels
A10: WW02 | B10: #2914(1656-0) | C10: 0 | D10: 2 | E10: 0 | F10: KTM027 | P10: WW02 | Q10: WW03 | R10: WW04 | S10: WW05 | T10: WW06 | U10: WW07 | V10: WW08 | W10: WW09 | X10: WW10 | Y10: WW11 | Z10: WW12 | AA10: WW13 | AB10: WW14 | AC10: WW15 | AD10: WW16 | AE10: WW17 | AF10: WW18 | AG10: WW19 | AH10: WW20 | AI10: Grand Total
A11: WW02 | B11: #2910(570-0) #2910(1076-570) #2908(825-0) | C11: 0 | D11: 0 | E11: 0 | F11: KTM027 | O11: Sum of E-Gun 1 OFF Occurrence | P11: 3 | Q11: 5 | R11: 9 | S11: 0 | T11: 2 | U11: 4 | V11: 9 | W11: 4 | X11: 2 | Y11: 0 | Z11: 0 | AA11: 6 | AB11: 4 | AC11: 0 | AD11: 5 | AE11: 2 | AF11: 0 | AG11: 0 | AH11: 0 | AI11: 55
A12: WW03 | B12: #2918(1389-0)#2920(1356-0) | C12: 0 | D12: 1 | E12: 0 | F12: KTM027
A13: WW03 | B13: #2922(1403-0) #2916(1397-700) | C13: 0 | D13: 2 | E13: 1 | F13: KTM027
A14: WW03 | B14: #2898(339-0)#2926(1661-926)#2926(705-0) | C14: 0 | D14: 0 | E14: 0 | F14: KTM027
A15: WW03 | B15: #2930(1500-0) | C15: 0 | D15: 0 | E15: 0 | F15: KTM027
A16: WW03 | B16: #EXP1-20 | C16: 0 | D16: 0 | E16: 0 | F16: KTM027 | O16: E-Gun 2 OFF Occurrence | P16: (Multiple Items)
A17: WW03 | B17: #2940(1453-0) | C17: 0 | D17: 1 | E17: 0 | F17: KTM023
A18: WW03 | B18: #2932(1500-0) | C18: 0 | D18: 0 | E18: 0 | F18: KTM023 | P18: Column Labels
A19: WW03 | B19: #2954(1398-0) | C19: 0 | D19: 1 | E19: 0 | F19: KTM023 | P19: WW02 | Q19: WW03 | R19: WW04 | S19: WW05 | T19: WW06 | U19: WW07 | V19: WW08 | W19: WW09 | X19: WW10 | Y19: WW11 | Z19: WW12 | AA19: WW13 | AB19: WW14 | AC19: WW15 | AD19: WW16 | AE19: WW17 | AF19: WW18 | AG19: WW19 | AH19: WW20 | AI19: Grand Total
A20: WW03 | B20: #2952(1394-0)#2916(690-0) | C20: 0 | D20: 0 | E20: 0 | F20: KTM023 | O20: Sum of E-Gun 2 OFF Occurrence | P20: 0 | Q20: 1 | R20: 1 | S20: 0 | T20: 0 | U20: 1 | V20: 0 | W20: 1 | X20: 1 | Y20: 1 | Z20: 0 | AA20: 0 | AB20: 0 | AC20: 0 | AD20: 1 | AE20: 0 | AF20: 0 | AG20: 0 | AH20: 0 | AI20: 7
A21: WW04 | B21: #2898(1662-1427) #2910(1364-1101) | C21: 0 | D21: 0 | E21: 0 | F21: KTM023
A22: WW04 | B22: #2950(1684-898) #2950(896-0) | C22: 0 | D22: 1 | E22: 0 | F22: KTM023
A23: WW04 | B23: #2942(1633-1427) #29542(1427-16) | C23: 0 | D23: 0 | E23: 1 | F23: KTM023
A24: WW04 | B24: #2946(339-0)#2944(1328-4)+50mDMY | C24: 0 | D24: 1 | E24: 0 | F24: KTM023 | O24: ION Source OFF | P24: (Multiple Items)
A25: WW04 | B25: #2948(1656-906)#2956(1398-0) | C25: 0 | D25: 5 | E25: 0 | F25: KTM023
A26: WW04 | B26: #2868 (000-195)#2944 (1659-1328)#2946 (339-1665) RnD | C26: 0 | D26: 1 | E26: 0 | F26: KTM023 | P26: Column Labels
A27: WW04 | B27: #2928(1666-844) #2960(1395-0) | C27: 0 | D27: 1 | E27: 0 | F27: KTM023 | P27: WW02 | Q27: WW03 | R27: WW04 | S27: WW05 | T27: WW06 | U27: WW07 | V27: WW08 | W27: WW09 | X27: WW10 | Y27: WW11 | Z27: WW12 | AA27: WW13 | AB27: WW14 | AC27: WW15 | AD27: WW16 | AE27: WW17 | AF27: WW18 | AG27: WW19 | AH27: WW20 | AI27: Grand Total
A28: WW04 | B28: #2958(1531-355) #2958(350-000) | C28: 0 | D28: 0 | E28: 0 | F28: KTM023 | O28: Sum of ION Source OFF | P28: 0 | Q28: 0 | R28: 0 | S28: 0 | T28: 2 | U28: 0 | V28: 0 | W28: 1 | X28: 0 | Y28: 4 | Z28: 3 | AA28: 0 | AB28: 0 | AC28: 0 | AD28: 2 | AE28: 0 | AF28: 0 | AG28: 0 | AH28: 0 | AI28: 12
A29: WW05 | B29: #2970(962-697)#2964(1397-0) | C29: 0 | D29: 0 | E29: 0 | F29: KTM023
A30: WW05 | B30: #2970(680-0)#2968(848-0) | C30: 0 | D30: 0 | E30: 0 | F30: KTM023
A31: WW05 | B31: #2920(1556-1656)#2978(1100-1224) YB production | C31: 0 | D31: 0 | E31: 0 | F31: KTM023
A32: WW05 | B32: #2978(500-0)#2986(1396-0) | C32: 0 | D32: 0 | E32: 0 | F32: R009
A33: WW05 | B33: #2986(1396-0) #2978(500-0) | C33: 0 | D33: 0 | E33: 0 | F33: R009
A34: WW05 | B34: #2976(896-0) #2966(1394-0) | C34: 0 | D34: 0 | E34: 0 | F34: KTM027
A35: WW05 | B35: #2978(500-1100)#2988(1396-0) | C35: 0 | D35: 0 | E35: 0 | F35: KTM027
A36: WW05 | B36: RnD | C36: 0 | D36: 0 | E36: 0 | F36: KTM027
A37: WW06 | B37: #3004(1361-000) #2962(670-000) | C37: 0 | D37: 2 | E37: 0 | F37: KTM027
A38: WW06 | B38: #3000(19-359) #3000(483-1058) #2982(1365-0) | C38: 0 | D38: 0 | E38: 0 | F38: KTM027
A39: WW06 | B39: #3010(1-336)#3010(336-631) | C39: 0 | D39: 0 | E39: 0 | F39: KTM027
A40: WW06 | B40: #3012(1098-0)#3014(1380-0) | C40: 2 | D40: 0 | E40: 0 | F40: KTM027
... A143: WW20 | B143: #3230(2276-1879) #3230(555-80) #3230(1186-674) #3230(1466-1186) #3230(1735-1469) Chem Train #19 | C143: 0 | D143: 0 | E143: 0 | F143: R162
